DROP TABLE IF EXISTS `communities`;
CREATE TABLE `communities` (
  `id` bigint(20) unsigned NOT NULL AUTO_INCREMENT,
  `name` varchar(200) COLLATE utf8_unicode_ci DEFAULT NULL,
  PRIMARY KEY (`id`),
  KEY `name` (`name`)
) ENGINE=InnoDB AUTO_INCREMENT=101 DEFAULT CHARSET=utf8 COLLATE=utf8_unicode_ci;

INSERT INTO `communities` VALUES ('27','adipisci'),
('70','aliquam'),
('87','aliquam'),
('37','aliquid'),
('40','aliquid'),
('4','aut'),
('64','aut'),
('95','commodi'),
('72','consequatur'),
('93','cum'),
('22','deleniti'),
('43','deleniti'),
('51','deleniti'),
('41','deserunt'),
('20','dicta'),
('52','dicta'),
('39','dolor'),
('42','dolor'),
('14','dolorem'),
('26','dolorem'),
('31','dolorem'),
('88','dolorem'),
('63','dolores'),
('89','dolorum'),
('13','ea'),
('71','ea'),
('65','eaque'),
('78','enim'),
('10','eos'),
('92','eos'),
('24','error'),
('25','esse'),
('67','esse'),
('12','est'),
('11','et'),
('17','et'),
('30','et'),
('57','et'),
('61','et'),
('85','et'),
('28','ex'),
('19','facere'),
('100','fugiat'),
('29','id'),
('9','in'),
('1','incidunt'),
('77','incidunt'),
('90','iusto'),
('16','minus'),
('35','molestiae'),
('62','molestias'),
('8','mollitia'),
('86','mollitia'),
('50','nam'),
('5','necessitatibus'),
('36','nemo'),
('58','nemo'),
('3','non'),
('80','non'),
('48','nostrum'),
('49','occaecati'),
('98','odit'),
('81','optio'),
('44','pariatur'),
('2','perferendis'),
('46','perferendis'),
('32','praesentium'),
('73','quae'),
('55','quaerat'),
('76','quam'),
('33','quas'),
('38','quasi'),
('7','qui'),
('15','qui'),
('66','qui'),
('83','quia'),
('47','quidem'),
('84','quo'),
('75','quos'),
('60','repellat'),
('91','rerum'),
('94','sed'),
('99','sed'),
('79','similique'),
('23','sunt'),
('69','sunt'),
('82','sunt'),
('97','suscipit'),
('54','tempore'),
('6','temporibus'),
('34','tenetur'),
('56','tenetur'),
('74','ut'),
('68','velit'),
('53','voluptas'),
('59','voluptate'),
('18','voluptatem'),
('21','voluptatem'),
('45','voluptatem'),
('96','voluptatem'); 


DROP TABLE IF EXISTS `friend_requests`;
CREATE TABLE `friend_requests` (
  `initiator_user_id` bigint(20) unsigned NOT NULL,
  `target_user_id` bigint(20) unsigned NOT NULL,
  `status` enum('requested','approved','unfriended','declined') COLLATE utf8_unicode_ci DEFAULT NULL,
  `created_at` datetime DEFAULT current_timestamp(),
  `updated_at` datetime DEFAULT NULL,
  PRIMARY KEY (`initiator_user_id`,`target_user_id`),
  KEY `initiator_user_id` (`initiator_user_id`),
  KEY `target_user_id` (`target_user_id`),
  CONSTRAINT `friend_requests_ibfk_1` FOREIGN KEY (`initiator_user_id`) REFERENCES `users` (`id`),
  CONSTRAINT `friend_requests_ibfk_2` FOREIGN KEY (`target_user_id`) REFERENCES `users` (`id`)
) ENGINE=InnoDB DEFAULT CHARSET=utf8 COLLATE=utf8_unicode_ci;

INSERT INTO `friend_requests` VALUES ('1','1','approved','1998-06-23 11:42:44','2014-06-18 19:30:27'),
('2','2','unfriended','2007-04-10 12:41:35','1995-12-17 12:54:26'),
('3','3','approved','2000-08-21 21:10:32','1973-09-03 20:27:15'),
('4','4','approved','1989-11-06 22:50:30','1976-10-04 09:51:04'),
('5','5','unfriended','1975-11-04 04:09:49','2006-11-02 08:55:37'),
('6','6','approved','1994-11-06 08:03:42','1986-10-11 19:25:14'),
('7','7','approved','1971-06-28 20:59:51','2001-09-25 23:39:00'),
('8','8','declined','1991-08-30 05:26:57','2012-11-19 06:42:36'),
('9','9','declined','2011-04-15 23:45:07','1982-12-10 06:15:22'),
('10','10','approved','1980-05-07 08:28:42','1996-06-16 00:05:21'),
('11','11','requested','1974-02-16 14:18:57','1973-04-03 12:48:21'),
('12','12','requested','1981-05-04 17:35:44','2004-05-04 07:32:49'),
('13','13','approved','1991-03-24 01:58:16','1987-09-02 05:40:38'),
('14','14','requested','1984-03-14 17:42:27','1993-03-06 00:17:23'),
('15','15','approved','1985-09-08 04:55:00','1993-10-13 05:30:22'),
('16','16','declined','1990-04-28 14:23:28','2013-08-21 17:01:32'),
('17','17','requested','2006-10-01 00:13:10','1974-02-04 15:30:34'),
('18','18','requested','1972-09-13 06:15:17','2007-02-15 21:05:16'),
('19','19','requested','2007-01-19 15:06:16','2010-04-08 23:16:33'),
('20','20','unfriended','2014-10-28 03:10:37','1979-01-30 21:03:22'),
('21','21','approved','1988-12-05 04:09:34','1972-08-24 04:23:57'),
('22','22','declined','1983-02-03 01:00:53','2001-09-04 13:14:50'),
('23','23','requested','1976-05-03 21:59:44','1974-09-24 07:20:44'),
('24','24','declined','2013-03-17 23:56:49','1974-06-25 18:01:57'),
('25','25','declined','1990-07-28 11:42:23','1981-07-16 04:23:57'),
('26','26','approved','1976-10-12 03:52:58','2003-08-29 08:26:00'),
('27','27','approved','2017-12-03 04:19:21','2018-05-11 19:02:15'),
('28','28','requested','1989-06-22 02:44:27','2010-12-27 22:06:24'),
('29','29','unfriended','1973-11-25 21:04:06','1989-11-02 02:40:43'),
('30','30','declined','1993-02-12 04:47:32','2000-01-26 19:17:45'),
('31','31','approved','1977-03-20 14:55:50','1976-04-14 23:20:07'),
('32','32','approved','2009-08-04 07:56:49','1978-03-22 08:49:42'),
('33','33','requested','2008-05-09 08:24:22','1979-07-14 04:19:45'),
('34','34','approved','2010-02-28 02:02:53','2008-02-25 02:45:27'),
('35','35','requested','1992-12-21 23:34:23','2016-01-24 18:07:14'),
('36','36','unfriended','1994-12-20 01:59:47','1990-05-17 17:03:53'),
('37','37','declined','1997-08-21 01:33:29','1982-01-07 15:15:25'),
('38','38','requested','1997-02-13 20:09:44','2008-07-17 21:03:41'),
('39','39','requested','2012-01-07 19:19:13','1970-06-17 22:01:08'),
('40','40','declined','1977-05-04 00:09:56','1986-11-23 10:18:17'),
('41','41','unfriended','2017-04-08 09:02:28','2004-06-28 23:32:32'),
('42','42','approved','2006-02-16 12:52:48','1997-01-23 02:52:55'),
('43','43','requested','2011-10-21 07:09:27','2009-12-08 17:56:47'),
('44','44','declined','2011-06-22 03:59:43','1981-09-21 12:31:34'),
('45','45','declined','2018-06-29 21:03:30','1987-04-28 05:38:56'),
('46','46','unfriended','2018-05-25 22:55:30','1999-03-03 20:09:49'),
('47','47','requested','1970-08-27 15:00:16','1983-01-07 18:35:09'),
('48','48','unfriended','1998-03-28 16:22:52','2003-01-07 16:32:46'),
('49','49','unfriended','2010-01-20 18:50:03','2012-04-09 22:03:55'),
('50','50','declined','2011-06-19 21:24:33','1981-07-23 05:24:50'),
('51','51','unfriended','2017-08-10 12:20:43','2002-09-08 04:16:20'),
('52','52','approved','2008-06-28 21:50:22','2003-09-21 20:06:14'),
('53','53','declined','1980-03-08 02:51:59','1982-06-02 02:03:30'),
('54','54','declined','1970-06-08 15:30:30','1983-09-11 04:02:42'),
('55','55','declined','1996-12-13 19:35:09','2003-12-25 09:42:58'),
('56','56','declined','2011-01-25 17:24:50','1974-08-29 18:39:36'),
('57','57','declined','1992-01-18 11:51:00','2004-06-28 17:35:09'),
('58','58','approved','1981-06-30 05:30:11','2002-06-16 15:34:27'),
('59','59','approved','1998-10-05 17:03:46','1980-02-10 06:49:19'),
('60','60','approved','1970-04-30 03:36:32','1984-02-21 12:19:05'),
('61','61','approved','2001-12-21 22:40:22','2010-12-22 09:24:52'),
('62','62','unfriended','1996-12-24 09:46:34','1996-10-06 09:44:18'),
('63','63','declined','1995-10-12 18:48:31','2004-07-27 02:22:00'),
('64','64','approved','2003-03-20 03:03:42','1975-09-09 13:51:46'),
('65','65','requested','1972-01-09 07:10:37','2009-08-22 22:32:02'),
('66','66','approved','1971-06-26 14:58:33','1988-03-04 23:02:52'),
('67','67','approved','1972-07-30 05:59:01','1996-07-30 20:02:30'),
('68','68','unfriended','1976-10-10 08:50:53','1972-11-21 08:34:08'),
('69','69','approved','1997-07-18 19:57:01','2017-12-10 07:04:03'),
('70','70','declined','1980-02-25 15:18:49','1970-07-03 12:29:02'),
('71','71','approved','2008-01-10 01:16:35','1985-03-19 12:45:00'),
('72','72','approved','2012-12-05 19:12:03','2009-04-08 14:32:03'),
('73','73','approved','2009-05-05 00:43:26','1999-08-12 17:43:31'),
('74','74','requested','2005-12-02 01:15:13','1988-12-17 18:26:37'),
('75','75','unfriended','1972-11-04 19:55:58','1999-06-04 12:01:23'),
('76','76','requested','1979-06-10 08:48:48','2014-10-28 15:45:29'),
('77','77','unfriended','1989-03-02 10:34:57','2009-09-11 04:31:25'),
('78','78','requested','1994-03-30 17:35:22','2003-06-20 04:09:09'),
('79','79','declined','2015-08-22 21:39:08','1988-12-15 23:53:29'),
('80','80','unfriended','1982-03-22 00:35:30','1981-02-27 02:52:32'),
('81','81','requested','1979-05-01 17:06:15','1974-01-18 01:34:18'),
('82','82','approved','2012-11-17 11:17:31','1984-03-06 07:09:29'),
('83','83','approved','1989-09-22 12:57:25','1996-08-07 01:35:06'),
('84','84','declined','1988-08-13 00:20:44','2003-02-17 08:59:05'),
('85','85','declined','1988-05-26 06:20:15','1972-08-28 02:57:53'),
('86','86','approved','2013-12-01 14:49:19','2018-12-27 06:13:08'),
('87','87','approved','1988-02-21 19:58:12','2018-04-18 17:57:41'),
('88','88','declined','1980-10-10 22:26:35','1985-02-21 14:45:27'),
('89','89','unfriended','1983-10-18 16:14:01','2011-10-23 11:24:20'),
('90','90','approved','1995-06-01 22:49:33','1972-07-27 06:52:42'),
('91','91','approved','1993-05-14 09:51:17','1998-03-31 10:52:52'),
('92','92','unfriended','1972-04-20 05:21:00','1973-01-01 22:50:43'),
('93','93','requested','1998-04-14 21:52:03','2011-05-17 13:34:52'),
('94','94','declined','1980-11-06 08:42:45','2008-08-12 08:25:40'),
('95','95','approved','1971-09-27 04:47:49','1990-01-28 03:17:29'),
('96','96','unfriended','1987-08-31 13:04:06','1998-12-29 08:40:48'),
('97','97','unfriended','2013-05-16 14:02:20','2010-02-23 09:48:34'),
('98','98','declined','2019-06-27 11:36:04','2000-12-14 15:26:48'),
('99','99','declined','2004-06-01 13:56:22','1973-10-23 08:10:35'),
('100','100','requested','1982-02-27 16:29:19','1975-01-05 19:03:55'); 


DROP TABLE IF EXISTS `likes`;
CREATE TABLE `likes` (
  `id` bigint(20) unsigned NOT NULL AUTO_INCREMENT,
  `media_id` bigint(20) unsigned DEFAULT NULL,
  `user_id` bigint(20) unsigned NOT NULL,
  PRIMARY KEY (`id`),
  KEY `user_id` (`user_id`),
  KEY `media_id` (`media_id`),
  CONSTRAINT `likes_ibfk_1` FOREIGN KEY (`user_id`) REFERENCES `users` (`id`),
  CONSTRAINT `likes_ibfk_2` FOREIGN KEY (`media_id`) REFERENCES `media` (`id`)
) ENGINE=InnoDB AUTO_INCREMENT=101 DEFAULT CHARSET=utf8 COLLATE=utf8_unicode_ci;

INSERT INTO `likes` VALUES ('1','1','1'),
('2','2','2'),
('3','3','3'),
('4','4','4'),
('5','5','5'),
('6','6','6'),
('7','7','7'),
('8','8','8'),
('9','9','9'),
('10','10','10'),
('11','11','11'),
('12','12','12'),
('13','13','13'),
('14','14','14'),
('15','15','15'),
('16','16','16'),
('17','17','17'),
('18','18','18'),
('19','19','19'),
('20','20','20'),
('21','21','21'),
('22','22','22'),
('23','23','23'),
('24','24','24'),
('25','25','25'),
('26','26','26'),
('27','27','27'),
('28','28','28'),
('29','29','29'),
('30','30','30'),
('31','31','31'),
('32','32','32'),
('33','33','33'),
('34','34','34'),
('35','35','35'),
('36','36','36'),
('37','37','37'),
('38','38','38'),
('39','39','39'),
('40','40','40'),
('41','41','41'),
('42','42','42'),
('43','43','43'),
('44','44','44'),
('45','45','45'),
('46','46','46'),
('47','47','47'),
('48','48','48'),
('49','49','49'),
('50','50','50'),
('51','51','51'),
('52','52','52'),
('53','53','53'),
('54','54','54'),
('55','55','55'),
('56','56','56'),
('57','57','57'),
('58','58','58'),
('59','59','59'),
('60','60','60'),
('61','61','61'),
('62','62','62'),
('63','63','63'),
('64','64','64'),
('65','65','65'),
('66','66','66'),
('67','67','67'),
('68','68','68'),
('69','69','69'),
('70','70','70'),
('71','71','71'),
('72','72','72'),
('73','73','73'),
('74','74','74'),
('75','75','75'),
('76','76','76'),
('77','77','77'),
('78','78','78'),
('79','79','79'),
('80','80','80'),
('81','81','81'),
('82','82','82'),
('83','83','83'),
('84','84','84'),
('85','85','85'),
('86','86','86'),
('87','87','87'),
('88','88','88'),
('89','89','89'),
('90','90','90'),
('91','91','91'),
('92','92','92'),
('93','93','93'),
('94','94','94'),
('95','95','95'),
('96','96','96'),
('97','97','97'),
('98','98','98'),
('99','99','99'),
('100','100','100'); 


DROP TABLE IF EXISTS `media`;
CREATE TABLE `media` (
  `id` bigint(20) unsigned NOT NULL AUTO_INCREMENT,
  `media_type_id` bigint(20) unsigned NOT NULL,
  `user_id` bigint(20) unsigned NOT NULL,
  `body` text COLLATE utf8_unicode_ci DEFAULT NULL,
  `filename` varchar(250) COLLATE utf8_unicode_ci DEFAULT NULL,
  `size` int(11) DEFAULT NULL,
  `metadata` longtext CHARACTER SET utf8mb4 COLLATE utf8mb4_bin DEFAULT NULL,
  `created_at` datetime DEFAULT current_timestamp(),
  `updated_at` datetime DEFAULT NULL,
  PRIMARY KEY (`id`),
  KEY `media_type_id` (`media_type_id`),
  KEY `user_id` (`user_id`),
  CONSTRAINT `media_ibfk_1` FOREIGN KEY (`user_id`) REFERENCES `users` (`id`),
  CONSTRAINT `media_ibfk_2` FOREIGN KEY (`media_type_id`) REFERENCES `media_types` (`id`)
) ENGINE=InnoDB AUTO_INCREMENT=101 DEFAULT CHARSET=utf8 COLLATE=utf8_unicode_ci;

INSERT INTO `media` VALUES ('1','1','1','Molestiae qui placeat aut voluptatum laborum quo. Nisi voluptate eos quisquam distinctio qui aliquid voluptas velit. Est quod blanditiis omnis architecto explicabo ut quod nihil.','odio','7050102',NULL,'1989-02-16 20:11:43','1972-10-20 13:41:18'),
('2','2','2','Distinctio omnis nesciunt eaque iure possimus voluptatibus. A sint fuga rerum omnis nihil animi. Commodi perferendis nulla voluptatem et et maiores.','tempora','3',NULL,'1970-06-09 03:19:12','2003-04-03 17:44:24'),
('3','3','3','Distinctio molestias iure in aliquid. Dolores eum et quia eligendi. Est sequi quod voluptatem soluta libero reiciendis.','ducimus','757550581',NULL,'1989-02-23 18:52:19','2013-07-24 05:33:06'),
('4','4','4','Fuga nobis quia numquam excepturi ducimus et. Ipsa sed soluta dolorum et vitae doloribus aliquam. Non recusandae laudantium ducimus odio totam ab.','quidem','517935083',NULL,'2015-06-01 17:33:59','1972-11-07 08:47:48'),
('5','5','5','Minima delectus voluptatem iste nisi optio veniam. Et asperiores nisi nam veniam maxime quos. Voluptate dolorum rerum facere nulla et voluptas corrupti.','rerum','780',NULL,'1970-10-24 11:59:42','1978-12-29 18:15:41'),
('6','6','6','Et eligendi debitis tempora ex et commodi ea. Occaecati eveniet consequatur perferendis praesentium eum pariatur nihil. Quis harum explicabo qui rerum. Officiis illum nam tempore corrupti.','qui','655',NULL,'2002-04-25 23:46:50','2004-03-29 08:55:32'),
('7','7','7','Doloremque enim assumenda est rerum cumque eum impedit. Voluptates consequatur et cumque est nisi vero. Optio neque sapiente veritatis possimus. Non aliquam id nesciunt quasi voluptas ut.','minus','5102',NULL,'1989-12-09 08:48:05','1990-07-31 05:11:56'),
('8','8','8','Vitae qui sed adipisci non tempore optio accusantium. Quia aliquam voluptatem est voluptatem quisquam consectetur. Accusantium incidunt molestiae facilis repellat quis odio accusamus qui.','quo','93341236',NULL,'1980-12-19 07:01:57','1972-09-23 20:53:42'),
('9','9','9','Quis dolorem beatae ducimus blanditiis quasi dignissimos ut. Saepe dolores et qui voluptas id. Sapiente incidunt voluptas reprehenderit repellat.','quis','6179707',NULL,'1983-06-13 17:49:21','1994-09-02 22:03:39'),
('10','10','10','Omnis rerum eveniet soluta pariatur eos maiores et. Dolorem sit harum repudiandae labore magni unde quia molestias. Dolor neque distinctio quis. Non aut delectus occaecati alias.','praesentium','34',NULL,'1970-09-15 16:09:53','1977-11-08 22:27:16'),
('11','11','11','Dolor pariatur ipsam cumque quasi. Veniam ut dolore cumque. Et recusandae voluptatibus fugit optio rerum neque qui.','eaque','579',NULL,'1990-03-11 17:13:40','2001-04-26 20:37:02'),
('12','12','12','Sit repudiandae a rerum adipisci. Velit fugiat qui cupiditate quas molestiae. Odit et consequatur et facere in.','non','562',NULL,'1973-03-05 03:48:30','1988-03-25 00:35:23'),
('13','13','13','Omnis ab sint assumenda repellendus. Velit ducimus temporibus et reiciendis et. Perferendis et ad harum aperiam sequi eius. Velit nostrum nemo placeat repellat sint odio vel non.','est','9617',NULL,'2009-03-17 09:10:42','1986-12-02 23:45:16'),
('14','14','14','Blanditiis earum et in autem corporis voluptates dolorem non. Dolorem dolorem neque deleniti qui sunt. Et omnis voluptates optio rem voluptatibus voluptatum. Voluptas assumenda molestiae similique repudiandae et blanditiis earum.','nobis','88263',NULL,'2017-04-18 06:35:35','2013-05-03 13:34:05'),
('15','15','15','Reprehenderit sequi provident necessitatibus nesciunt numquam vero tenetur. Impedit placeat suscipit expedita occaecati aliquam error provident sint. Saepe similique est officia accusantium.','quos','679',NULL,'1987-03-30 19:04:09','1995-07-26 06:52:22'),
('16','16','16','Aut et eveniet sapiente est aut perferendis ut et. Qui autem nesciunt quibusdam consequatur. Aut aliquam reprehenderit debitis aut cum reiciendis.','est','344312',NULL,'1995-08-25 19:48:45','1990-05-09 10:02:32'),
('17','17','17','Rem aut commodi rerum quia rerum. Neque consequuntur est cupiditate voluptates qui et. Non quis voluptate et quidem fugit vitae molestias.','voluptatem','4359280',NULL,'2005-07-12 22:31:56','2008-07-19 23:24:37'),
('18','18','18','Odit assumenda recusandae dicta qui repellat quos mollitia. Tempore nisi eos sunt quia dolorem. Amet hic laborum molestiae voluptate. Nesciunt molestiae minus molestiae molestias perspiciatis numquam itaque.','doloremque','1901',NULL,'2012-09-20 20:59:11','1991-12-08 00:20:25'),
('19','19','19','Dolorum in quo quis repellendus. Molestiae dolores architecto veniam. Quaerat quia hic pariatur deleniti sapiente. Illo nobis soluta mollitia omnis aliquid.','quia','0',NULL,'2006-10-06 03:32:09','2011-06-03 14:56:08'),
('20','20','20','Vitae voluptatem odio vel similique blanditiis. Sint quidem provident cumque dicta iusto ipsum qui. Ut cupiditate magnam iusto iusto sed similique consequuntur. Sit itaque adipisci quas non.','dolores','5351',NULL,'2018-02-16 20:07:47','1979-07-14 17:07:00'),
('21','21','21','Aut accusamus enim reprehenderit dicta et reiciendis. Ut excepturi consectetur quas eius expedita. Veritatis quae possimus fugit cupiditate quo soluta.','omnis','0',NULL,'2017-05-14 13:04:31','1983-08-05 01:59:36'),
('22','22','22','Tempore unde reiciendis veritatis sed deleniti sint. Corrupti ullam corrupti tempora dolorum rem suscipit culpa. Ut voluptatem officia quaerat non qui corrupti. Atque ea aut dolorem corrupti amet fugit.','nihil','0',NULL,'1988-03-30 13:31:00','1998-08-22 07:32:54'),
('23','23','23','Aut iste rerum eos aut aut et. At sunt iste molestias natus accusantium quo. Assumenda architecto deleniti ratione est. Placeat vel sit nihil repudiandae quibusdam autem.','fuga','92',NULL,'1987-11-20 21:52:01','2002-07-01 20:03:03'),
('24','24','24','Saepe ipsum possimus non. Excepturi dignissimos sit minus odit. Ipsam asperiores voluptas hic optio necessitatibus a. Est hic exercitationem sint. Natus dignissimos minus quasi et mollitia enim dolorum culpa.','aut','4874833',NULL,'2007-06-27 19:44:07','1983-05-01 09:03:07'),
('25','25','25','Nam labore voluptatem fugit odio sed corporis id. Accusamus fuga impedit ea iure sunt nostrum deleniti. Expedita eveniet cum sequi officia autem natus. Enim adipisci voluptatibus vel eos deserunt assumenda ut.','dolore','0',NULL,'1987-02-21 15:34:03','2000-09-30 19:51:37'),
('26','26','26','Consequatur maxime aut ratione praesentium et quis. Ut quasi aut rerum ullam provident ut. Autem et tempore blanditiis sit explicabo possimus repellendus rem.','maxime','436669779',NULL,'2013-11-08 22:16:21','1988-05-07 23:48:46'),
('27','27','27','Ipsum ut cumque asperiores doloremque et harum. Soluta dolor libero iure. Nihil magnam culpa eaque odio. Non voluptatem odio illum aut sunt.','cumque','40',NULL,'1994-02-24 10:47:37','2001-06-20 10:00:27'),
('28','28','28','Quo sunt dolor sit temporibus fugiat laboriosam eum. Labore ad illo quas qui. Architecto non veniam itaque dolorem eligendi libero hic ut.','repudiandae','1887707',NULL,'2009-01-10 21:32:44','2017-08-20 19:21:29'),
('29','29','29','Atque dolor cumque laboriosam ut voluptatem voluptatem. Eveniet at aut nesciunt sapiente beatae reprehenderit. Nulla blanditiis atque voluptatum adipisci laboriosam. Voluptatem eos nisi vel commodi.','similique','5595',NULL,'1976-08-18 06:52:13','1995-05-11 22:22:27'),
('30','30','30','Dicta quam nobis sed quod. Aut esse ut enim est. Sunt fugiat repudiandae ducimus dignissimos rerum voluptatum eligendi. Aliquid dolor ut minus.','culpa','0',NULL,'2013-03-02 22:08:07','1973-11-06 18:27:34'),
('31','31','31','Perspiciatis autem et laboriosam molestias. Ut voluptas omnis ipsam sint ex autem. Itaque dignissimos ut veritatis distinctio. Delectus consectetur molestiae qui esse qui rerum occaecati.','eos','1',NULL,'1996-09-13 19:56:05','2009-09-25 10:07:14'),
('32','32','32','Ab sapiente tempore consequatur consequatur. Id rerum ipsa est quos quaerat sed architecto.','ad','3785',NULL,'2002-04-22 19:16:41','1997-06-18 08:42:37'),
('33','33','33','Eum est nihil nam eligendi deleniti qui. Quo aut dolorem aut. Voluptas maiores qui non ipsam. Quia sint nemo eveniet tempore delectus.','non','1',NULL,'1979-08-01 10:37:55','2017-08-06 12:13:40'),
('34','34','34','Provident tenetur sapiente cupiditate aliquid. Ad eius ea dolores expedita numquam nostrum est. Sapiente quos ducimus qui. Enim aut illum ratione neque repellendus et eligendi.','velit','307698',NULL,'1985-11-03 21:10:22','2007-05-18 18:47:23'),
('35','35','35','Et aut a qui animi ullam consequatur. Voluptas recusandae omnis repudiandae deserunt tempore doloribus. Sit enim dolor ratione dolor voluptatibus molestias sint. Facere quidem magni dolores fugiat mollitia.','eveniet','7',NULL,'2010-11-23 07:37:46','1974-03-15 00:36:25'),
('36','36','36','Odit et vel aperiam vel ut architecto aspernatur ratione. Nemo voluptates iusto voluptatem. Omnis aut neque eum dolorum illo magni.','recusandae','0',NULL,'1971-08-15 02:30:17','2009-03-07 14:22:44'),
('37','37','37','Rerum nemo modi excepturi et voluptatem eligendi nam. Cupiditate aperiam dignissimos tempora voluptatem magnam aut. Incidunt modi qui esse rerum earum officia odio. Est totam dolorem fuga.','non','863771',NULL,'1988-10-12 01:35:23','2010-08-02 03:50:45'),
('38','38','38','Quis sunt cumque voluptatem officiis. Est nam qui qui deleniti neque ipsa architecto. Veritatis consectetur qui eligendi quis voluptatem totam. Saepe excepturi quaerat voluptatem.','et','0',NULL,'1983-02-26 13:14:22','1970-03-28 15:01:19'),
('39','39','39','Veritatis reiciendis nisi labore fugiat cum sit harum. Omnis similique et ab non quis. Sed rerum eligendi ducimus dolor. Consectetur aliquam voluptate delectus et.','voluptatibus','98',NULL,'1970-02-08 22:52:15','2012-10-29 06:59:14'),
('40','40','40','Autem neque et sunt nostrum. Laboriosam molestiae vitae nostrum enim tempore sint. Nemo unde quia maiores voluptas nam quis temporibus.','est','24227',NULL,'2008-12-16 18:35:30','1996-03-18 23:23:08'),
('41','41','41','Et nihil ea repellat. Animi nostrum dolore labore voluptas. Praesentium id neque incidunt dolor enim magnam commodi. Sunt nihil numquam et voluptatem id aspernatur quisquam.','deleniti','741536333',NULL,'1973-09-01 01:54:43','1994-03-20 15:35:29'),
('42','42','42','Tenetur nam libero rerum. Non a ut porro earum. Ea adipisci accusamus et doloribus id.','et','0',NULL,'1976-07-16 10:16:38','1977-08-15 01:05:31'),
('43','43','43','Repudiandae aut dolorum et voluptatem. Veniam fugiat sint eaque ullam repudiandae doloremque ipsam. Recusandae dolores inventore dolorem et et voluptatem veniam non. Sit nobis iusto labore dolores autem.','ratione','0',NULL,'1973-01-20 03:07:12','2009-07-20 07:04:48'),
('44','44','44','Laudantium assumenda odit ut. Recusandae dicta quas illo ullam. Quaerat dolor voluptatum nostrum animi dolorem labore.','totam','85',NULL,'1988-01-01 00:41:40','1988-05-05 13:34:49'),
('45','45','45','Molestiae ipsa quos aperiam quia adipisci. Dolorum provident exercitationem nulla cupiditate et odio temporibus. Sunt vel hic esse facere nesciunt illum. Sed dignissimos sint quo voluptatem deleniti dignissimos qui eum.','repellendus','3',NULL,'1974-04-21 10:55:22','2014-12-14 08:16:08'),
('46','46','46','Placeat nobis neque in est dolorem facere. Animi vitae laboriosam doloremque aut numquam. Aperiam laborum et neque suscipit sunt.','ex','0',NULL,'1971-12-09 14:28:45','1973-02-13 07:08:15'),
('47','47','47','Ipsa est non ullam eaque aliquam. Ut quasi mollitia ipsam et quam molestiae blanditiis. Magnam cupiditate similique quasi et cum ut velit.','dolorum','32989',NULL,'1989-11-25 00:16:22','2015-05-09 21:17:49'),
('48','48','48','Quam et quas ab sed autem sapiente illo voluptates. Tempore mollitia ut repellat autem mollitia. Labore voluptatem quia commodi laudantium et in.','natus','167950',NULL,'2007-12-24 12:09:51','2007-05-31 01:58:13'),
('49','49','49','Dolore sint ipsa voluptatem sed placeat et voluptate. Dolores aliquam molestias natus et laudantium. Fugiat exercitationem facere ipsum et rem omnis.','doloribus','66388176',NULL,'2003-07-30 03:23:21','2012-12-09 07:51:48'),
('50','50','50','Veritatis sit occaecati minus dolorem sit ad in et. Aut quia ut quia excepturi laboriosam. Pariatur voluptas dicta magni dolores aliquid recusandae.','magni','0',NULL,'2008-05-30 06:35:19','1970-10-01 23:51:00'),
('51','51','51','Unde qui cumque quo saepe. Et eaque nulla voluptas modi alias architecto eligendi. Cumque illo et iusto eligendi ut reiciendis a.','illum','0',NULL,'1994-08-05 17:02:29','2006-10-10 18:28:15'),
('52','52','52','Ut sapiente nobis ad possimus. Harum nemo excepturi dicta quis recusandae consequatur. Optio tempora delectus iste eum. Quas eveniet animi fugiat tempora eius doloribus.','voluptas','0',NULL,'1976-04-05 16:51:17','1990-10-05 09:41:33'),
('53','53','53','Repudiandae repellendus ut repellendus natus recusandae dolorem omnis assumenda. Sapiente quaerat totam aspernatur quibusdam et.','et','650',NULL,'1972-07-31 08:59:15','1996-10-25 15:15:35'),
('54','54','54','Ut ipsa modi tempora ut quis. Ut magnam dolor odit ab nam rerum. Consequatur eligendi mollitia in atque consequatur et.','necessitatibus','57992',NULL,'1989-08-01 17:06:38','1985-02-28 15:28:22'),
('55','55','55','Minus eos totam non eveniet aliquid atque fugit. Ipsam et explicabo sunt rerum. Quidem quas assumenda ex eveniet non tempora.','reiciendis','75526381',NULL,'2015-02-09 11:31:11','1992-07-17 02:24:38'),
('56','56','56','Placeat suscipit enim ab minima in qui fuga. Alias eaque enim modi eum nobis. Est earum iste placeat odit doloribus debitis. Ut reiciendis neque voluptatem.','nostrum','8248107',NULL,'1997-07-21 11:15:32','2012-12-16 05:04:51'),
('57','57','57','Non ducimus praesentium sed doloremque quia voluptate nisi et. Fuga aut nobis iusto voluptas omnis. Ut dolorem ea qui nihil nulla voluptatem.','minima','593056765',NULL,'2015-03-01 19:01:43','1973-11-05 12:50:48'),
('58','58','58','Vel et soluta ipsa animi vero. Sed harum repellat modi qui facere minima aliquam. Natus aperiam quidem aspernatur quidem.','inventore','6',NULL,'1984-09-21 12:43:46','1985-06-16 20:09:14'),
('59','59','59','Aut reiciendis enim ab libero rem mollitia. Debitis ut quis numquam quia reiciendis. Repudiandae eos eaque atque.','rem','35269250',NULL,'2005-05-18 18:37:26','1985-01-02 16:01:13'),
('60','60','60','Necessitatibus minus veniam similique eum quo expedita. Eum tempora inventore pariatur eos voluptatem. Ex molestiae aspernatur omnis ad dicta voluptas et.','itaque','352311586',NULL,'1997-03-30 13:05:49','2005-05-14 11:51:49'),
('61','61','61','Est incidunt consequatur sunt facere voluptate commodi officia. Velit similique molestias aut sunt vel. Maxime a quas eos porro voluptatem. Nam aperiam et est ut est.','placeat','49684713',NULL,'1996-03-18 00:00:17','1984-01-29 14:31:42'),
('62','62','62','Autem fugit nulla est velit possimus. Nemo ea culpa quis laboriosam a ea. Aliquid consectetur ab ut est unde laborum perspiciatis.','necessitatibus','3',NULL,'1982-01-17 22:01:40','2018-01-12 23:59:19'),
('63','63','63','Et corrupti sunt rerum aliquid. Maxime et optio repellendus qui et iste. Voluptatibus vitae nihil ut quos nam. Necessitatibus rerum doloremque est iste a nisi et. Sed maiores id maiores est.','exercitationem','5050',NULL,'2013-04-01 09:44:49','1978-06-28 10:56:26'),
('64','64','64','Nulla et assumenda et facilis et. Et doloremque quia ex temporibus eaque natus. Corrupti enim voluptatem enim aut dolor. Consequatur velit nobis commodi quia.','est','248',NULL,'1990-08-30 11:12:57','2006-06-28 22:42:16'),
('65','65','65','Qui quia commodi est amet. Quia reprehenderit distinctio esse nihil dolorem. Deserunt rerum dolor et delectus. Consectetur quae exercitationem placeat est est. Id esse culpa ea officia quasi repudiandae velit.','odio','0',NULL,'1980-12-25 22:14:21','2015-01-20 10:45:23'),
('66','66','66','Odit repellendus deleniti et et. Et quisquam iusto corrupti pariatur ea. Rerum nesciunt quia sequi consectetur qui. Nihil aperiam quo enim. Iusto est aut temporibus nisi quo.','aut','0',NULL,'1997-07-10 21:58:24','2003-10-25 07:15:41'),
('67','67','67','Recusandae magnam harum velit. In et quis rem assumenda quo aut. Nam provident id natus earum. Quo voluptatum consequatur ad animi.','alias','9',NULL,'2011-07-28 15:59:17','1999-10-04 03:51:03'),
('68','68','68','Molestias consequatur iste ut. Porro iure ullam veritatis explicabo aliquam vel autem. Omnis quaerat in voluptates voluptas voluptas beatae.','quos','6839',NULL,'2016-07-18 18:07:35','2012-05-25 05:38:32'),
('69','69','69','Aperiam sit ea asperiores sit excepturi earum. Deleniti magnam itaque sunt fugit. Aut maxime consequatur sed voluptatem quia enim. Eligendi ea nesciunt nulla id molestiae maiores tenetur.','saepe','2',NULL,'1995-04-09 04:03:08','1998-09-13 20:23:33'),
('70','70','70','A incidunt numquam soluta quisquam nemo. Laboriosam fuga laborum dolore laborum perferendis mollitia similique. Hic qui tenetur sapiente et impedit voluptate.','quia','3',NULL,'2018-05-03 20:29:44','2001-11-30 16:20:03'),
('71','71','71','Autem quaerat nulla autem deleniti. Quia neque sed et ut iste alias ipsam voluptatem. Distinctio deserunt quod adipisci.','dolor','36',NULL,'1994-03-30 16:55:11','1990-10-13 19:09:33'),
('72','72','72','Maxime laborum deleniti molestiae quibusdam. Accusamus assumenda et est omnis repudiandae. Cumque enim et at et. Neque distinctio eum voluptates iure deserunt qui consequuntur.','iure','286074892',NULL,'1977-03-23 13:39:18','1999-04-10 21:24:55'),
('73','73','73','Rerum ut nihil delectus dolores quam. Voluptates commodi magni ut. Quibusdam repudiandae amet et sint saepe.','necessitatibus','44611',NULL,'2000-01-18 15:48:07','2003-08-24 08:00:16'),
('74','74','74','Ratione laboriosam tenetur voluptatem voluptatem quia nemo unde. Illo dolores quos sed maiores sit saepe. Id facilis occaecati quia deleniti autem aperiam.','pariatur','0',NULL,'1987-12-29 04:48:10','2001-03-27 20:32:41'),
('75','75','75','Qui mollitia molestiae ipsam quia. Repudiandae eligendi nemo et sed nesciunt. Earum dolorem asperiores qui natus.','iusto','4337',NULL,'1986-05-07 15:10:48','2006-02-26 16:43:21'),
('76','76','76','Debitis quidem aut beatae molestiae et corrupti. Quia error eum libero quisquam omnis aperiam provident. Sit temporibus rerum labore vitae distinctio nulla similique. Neque nihil sint fugit nobis assumenda aperiam velit qui.','eum','4613187',NULL,'1984-10-01 09:20:39','1975-02-27 17:32:57'),
('77','77','77','Ut praesentium voluptate voluptates quia officia officia qui. Porro laboriosam magnam magnam aut quaerat aut. Et et consectetur quo et quis.','est','73',NULL,'1972-11-27 18:52:38','2013-05-20 10:27:28'),
('78','78','78','Ea vel vel est et ut saepe aliquid voluptatem. Sed perspiciatis eos odio ut quos.','unde','62909079',NULL,'1972-05-07 10:54:12','1976-07-13 22:52:15'),
('79','79','79','Iusto aut voluptatem accusantium eos illo. Debitis voluptate id asperiores maxime.','consequuntur','1146753',NULL,'1971-04-18 06:39:00','2001-08-07 21:29:21'),
('80','80','80','Vero assumenda nesciunt dolores nostrum inventore vel veniam. Et ut aut tenetur itaque facere repudiandae rerum. Deserunt voluptas aliquid ab beatae possimus cum.','quae','5044',NULL,'1983-12-17 13:57:47','1979-02-05 15:21:30'),
('81','81','81','Aperiam dignissimos est voluptates quia consequatur. Dolore enim harum facilis amet atque. Est aut sit omnis et. Quas eaque placeat ipsa dolores hic assumenda.','numquam','625',NULL,'1988-02-24 01:47:18','1981-11-14 00:42:55'),
('82','82','82','Quia corporis ad temporibus a. Voluptatem velit et qui. Ut praesentium vel aut eos ut. Molestiae explicabo nihil reprehenderit velit possimus sed. Hic rerum mollitia nemo quo odit vel temporibus.','rerum','910822843',NULL,'1972-08-03 11:02:01','1993-04-01 16:03:08'),
('83','83','83','Ut quisquam placeat eius quos ea minima. In rem nemo officia sed sed et. Laudantium debitis quia cupiditate unde corporis rerum atque aut.','nesciunt','47025',NULL,'2005-02-14 15:07:04','2006-11-01 19:31:47'),
('84','84','84','Natus quis dicta ut voluptate dolorem ut. Reprehenderit odio sit ut autem nihil nostrum.','aut','65',NULL,'2018-09-14 23:00:29','1988-10-04 22:08:46'),
('85','85','85','Totam rerum quaerat praesentium consequatur sunt eum sit mollitia. Aperiam voluptatibus consequatur consequatur perspiciatis ullam quia. Molestias rerum aut magni fuga velit.','pariatur','47725881',NULL,'1996-12-18 23:56:31','2003-06-08 14:24:00'),
('86','86','86','Veritatis delectus quasi ea quam est. Distinctio aspernatur libero voluptatem deserunt nobis. Autem quis rem accusamus consequatur. Omnis et sequi dolorem tenetur.','amet','0',NULL,'2010-08-31 07:43:48','1989-12-29 05:47:54'),
('87','87','87','Debitis dolores vel nam cupiditate necessitatibus. Et sint consequatur dolor dolorem voluptas. Et consequatur similique perspiciatis et soluta consequuntur ut. Sit molestiae delectus iusto quaerat quaerat voluptas.','eaque','6',NULL,'1993-11-14 02:41:39','1988-12-19 20:15:32'),
('88','88','88','Magni modi qui qui sed assumenda hic nihil. Cumque odit eveniet tempora quia. Molestiae nihil illum ex tempora.','nostrum','362377',NULL,'2011-09-12 06:12:55','2005-05-09 19:33:40'),
('89','89','89','Optio eveniet ut ea perspiciatis sint. Iste laboriosam voluptatem aut. Sunt sed dolorem quos qui aliquid. Earum asperiores soluta et distinctio.','quis','535679609',NULL,'2006-06-01 15:07:24','1975-07-24 12:13:32'),
('90','90','90','Nihil enim est voluptatem nisi dolores quis provident. Rerum aperiam officiis aut. Est fuga a quia est dignissimos. Adipisci voluptatem amet totam magni nisi.','nemo','342',NULL,'1988-09-24 06:57:31','1993-09-19 13:52:53'),
('91','91','91','Dolorum aut magni sapiente beatae ut blanditiis atque. Ut molestiae exercitationem modi ad molestiae consequatur. Doloremque alias iure voluptate qui qui.','adipisci','0',NULL,'1979-11-29 19:45:57','2005-10-02 00:51:00'),
('92','92','92','Voluptates quia harum quis dolorum. In eligendi quaerat fugit inventore. Sed sit in corrupti in et voluptatem. Fugit praesentium qui distinctio rerum.','vero','52665565',NULL,'1984-05-03 09:02:39','2007-07-24 15:17:17'),
('93','93','93','Sit qui neque accusantium ab eligendi. Iure voluptatem voluptatum magnam quis dolore ut. Est eum sed itaque atque. Illum officiis consequatur incidunt.','voluptatem','0',NULL,'1995-05-20 20:05:23','1990-10-05 18:16:07'),
('94','94','94','Qui tempore eum id ut porro. Ea omnis aut quaerat debitis deleniti vel non. Culpa amet dolorem qui exercitationem nostrum sit velit. Architecto fugiat veniam doloribus cum repellat.','esse','0',NULL,'1989-03-12 17:23:11','1992-12-20 12:08:34'),
('95','95','95','Et quasi quia odio reiciendis quae. Ut laborum consequuntur recusandae maxime cupiditate corrupti. Qui at mollitia expedita ratione cupiditate. Repudiandae magni sunt sapiente.','architecto','152',NULL,'1999-02-24 13:16:10','2011-03-20 12:45:02'),
('96','96','96','Omnis consequatur eum ut saepe ut dolores. Ipsam tempore consequatur voluptates libero ipsam atque et. Impedit id autem voluptatibus qui ipsam fugiat.','est','11',NULL,'1978-07-08 15:01:40','2018-10-10 04:15:13'),
('97','97','97','Aut qui reprehenderit officiis. Commodi voluptatem sequi sint. Nobis qui nisi optio ipsam tempora quia. Modi aliquid dolor omnis vel illo tempore.','quia','93725',NULL,'1978-03-20 18:11:52','1985-12-07 15:54:34'),
('98','98','98','Aut enim omnis culpa aut. Incidunt vero ratione rem ab. Debitis consequatur delectus velit nam.','nostrum','1802',NULL,'2009-08-05 16:09:27','1998-10-30 14:55:57'),
('99','99','99','Et harum minus nisi aperiam. Rerum distinctio modi ut debitis voluptatem cum. Recusandae animi dolore voluptatum repudiandae earum.','aut','68361',NULL,'1996-12-07 01:23:55','1990-10-13 00:34:45'),
('100','100','100','Nobis accusantium sed odit fuga tempora. Eos ad dolorum qui. Exercitationem explicabo corporis qui hic quibusdam.','est','73450655',NULL,'1977-04-12 10:54:52','2001-09-04 20:13:18'); 


DROP TABLE IF EXISTS `media_types`;
CREATE TABLE `media_types` (
  `id` bigint(20) unsigned NOT NULL AUTO_INCREMENT,
  `name` varchar(200) COLLATE utf8_unicode_ci DEFAULT NULL,
  PRIMARY KEY (`id`)
) ENGINE=InnoDB AUTO_INCREMENT=101 DEFAULT CHARSET=utf8 COLLATE=utf8_unicode_ci;

INSERT INTO `media_types` VALUES ('1','pariatur'),
('2','dicta'),
('3','amet'),
('4','molestias'),
('5','est'),
('6','quam'),
('7','aut'),
('8','praesentium'),
('9','consequatur'),
('10','consequatur'),
('11','minima'),
('12','id'),
('13','sequi'),
('14','dolorem'),
('15','laudantium'),
('16','voluptatem'),
('17','molestias'),
('18','maxime'),
('19','velit'),
('20','adipisci'),
('21','voluptates'),
('22','architecto'),
('23','inventore'),
('24','ea'),
('25','sint'),
('26','molestiae'),
('27','itaque'),
('28','sit'),
('29','praesentium'),
('30','tempore'),
('31','dolorem'),
('32','asperiores'),
('33','est'),
('34','harum'),
('35','fugit'),
('36','asperiores'),
('37','ipsam'),
('38','ratione'),
('39','est'),
('40','adipisci'),
('41','quos'),
('42','perferendis'),
('43','corporis'),
('44','repellat'),
('45','qui'),
('46','esse'),
('47','velit'),
('48','aliquid'),
('49','accusantium'),
('50','facere'),
('51','et'),
('52','aspernatur'),
('53','eum'),
('54','veniam'),
('55','vel'),
('56','est'),
('57','aspernatur'),
('58','voluptate'),
('59','possimus'),
('60','quia'),
('61','aut'),
('62','doloribus'),
('63','et'),
('64','alias'),
('65','aliquam'),
('66','fugit'),
('67','voluptatem'),
('68','ut'),
('69','minus'),
('70','vel'),
('71','voluptatibus'),
('72','rerum'),
('73','dolore'),
('74','repellendus'),
('75','inventore'),
('76','in'),
('77','fugit'),
('78','sed'),
('79','ad'),
('80','praesentium'),
('81','distinctio'),
('82','enim'),
('83','quibusdam'),
('84','commodi'),
('85','et'),
('86','porro'),
('87','quibusdam'),
('88','cum'),
('89','sunt'),
('90','quas'),
('91','et'),
('92','omnis'),
('93','consectetur'),
('94','libero'),
('95','nemo'),
('96','vitae'),
('97','blanditiis'),
('98','fugit'),
('99','est'),
('100','explicabo'); 


DROP TABLE IF EXISTS `messages`;
CREATE TABLE `messages` (
  `id` bigint(20) unsigned NOT NULL AUTO_INCREMENT,
  `from_user_id` bigint(20) unsigned NOT NULL,
  `to_user_id` bigint(20) unsigned NOT NULL,
  `body` text COLLATE utf8_unicode_ci DEFAULT NULL,
  `created_at` datetime DEFAULT current_timestamp(),
  PRIMARY KEY (`id`),
  KEY `from_user_id` (`from_user_id`),
  KEY `to_user_id` (`to_user_id`),
  CONSTRAINT `messages_ibfk_1` FOREIGN KEY (`from_user_id`) REFERENCES `users` (`id`),
  CONSTRAINT `messages_ibfk_2` FOREIGN KEY (`to_user_id`) REFERENCES `users` (`id`)
) ENGINE=InnoDB AUTO_INCREMENT=101 DEFAULT CHARSET=utf8 COLLATE=utf8_unicode_ci;

INSERT INTO `messages` VALUES ('1','1','1','Enim tenetur distinctio rerum ea perferendis eos dolorem illo. Excepturi et ea voluptates enim nam corporis deleniti doloremque. Velit porro ab praesentium nesciunt quibusdam veritatis voluptas sit.','1972-02-04 14:48:50'),
('2','2','2','Saepe dolores necessitatibus magni illum eaque eius nulla. Quia consequatur quia sint illum voluptatem architecto. Error perspiciatis ut voluptas omnis in. Deleniti qui molestias recusandae quae iusto.','1972-11-23 01:00:53'),
('3','3','3','Est quam quae consequatur ullam. Excepturi laboriosam libero tenetur rem. Quo quo ipsum laborum voluptate eius numquam tenetur.','1972-04-29 14:10:30'),
('4','4','4','Minus totam explicabo maxime et perferendis aut. Aut id ut rem quasi sit et. Sit provident consequatur magni qui architecto et quis ratione.','2010-04-27 01:32:59'),
('5','5','5','Soluta ipsum quasi quas qui et. Consequatur eum in ipsa doloribus et molestiae. Eaque quia sapiente iusto non vero sunt est.','1984-12-20 14:03:50'),
('6','6','6','At quas dolore accusamus dolorem nihil sit doloremque eveniet. Voluptate libero nihil eum quia dolorem qui. Ea est eaque cum perspiciatis culpa.','1973-07-19 21:39:23'),
('7','7','7','Deleniti neque omnis omnis voluptatem. Rerum eum fugiat quos ea. Recusandae necessitatibus quia veniam nihil dolorem. Ex fuga quasi nostrum quam.','1983-03-25 14:08:30'),
('8','8','8','Exercitationem facilis numquam quidem dolores voluptatem suscipit. Qui molestiae aut consequatur sint est enim. Tempore tempore molestias ullam quisquam qui possimus temporibus.','2017-10-05 06:48:46'),
('9','9','9','Laborum voluptatum sit vitae quidem repellat necessitatibus quasi ipsam. Et harum sunt quos a earum quia. Dolore nostrum in omnis corporis.','1971-09-25 03:33:26'),
('10','10','10','Doloribus quo praesentium sed est incidunt aperiam eum. Nobis repellat quae omnis cumque nemo ut voluptatum voluptatem. Voluptas rem sit quis modi dolorem nihil accusamus. Odio perferendis rerum nihil debitis.','2002-07-12 13:37:31'),
('11','11','11','Tempore eum rerum voluptatem. Ut modi eum dolorum doloribus. Ut voluptates quam earum excepturi eos beatae. Labore facere maiores pariatur tenetur aut. Aliquam iusto autem non sed animi et.','2016-10-30 10:58:51'),
('12','12','12','Perferendis expedita quam laborum velit quam molestias architecto. Accusamus est corrupti hic qui similique quod. Quia quibusdam unde magnam doloribus mollitia odit et. Totam dolores qui nemo expedita natus quos quos eius.','2005-05-29 13:50:23'),
('13','13','13','Vel et vel autem soluta. Corrupti aperiam doloribus sed. Et commodi ducimus consequatur fugit. Corporis quasi mollitia voluptates voluptatem ipsa et. Dolorem quos et omnis aut.','2008-03-07 07:18:57'),
('14','14','14','Et autem qui aliquid tempora atque ut. Quae tempore aliquid natus optio. Illo velit pariatur est laudantium non quae.','2009-10-27 13:00:54'),
('15','15','15','Nisi et modi quas. Impedit quae harum dolor et incidunt. Nam non molestiae sed porro nostrum alias repellat.','2008-06-22 09:54:20'),
('16','16','16','Et ut error et adipisci natus ut magni. Minus et dolores amet temporibus aut beatae dolorem. Qui cumque dolorem reiciendis quam aut. Odio iure dolor magni amet aliquid repellat.','1987-09-18 20:33:20'),
('17','17','17','Dolorem maxime et vel in. Eos ut amet commodi a. Veniam sit ut cumque.','1981-11-15 01:12:12'),
('18','18','18','Sunt cumque ut placeat non officiis possimus voluptates. Veniam maiores ab tempora cupiditate esse consequuntur. Cum sapiente repudiandae libero magni exercitationem aspernatur aperiam asperiores.','2006-12-13 08:27:08'),
('19','19','19','Laboriosam dicta quia dolorem eum quis neque laudantium. Ut rem maxime est vel laborum impedit recusandae aut. Cumque tempore voluptas repellendus optio earum voluptas.','1993-05-31 21:52:34'),
('20','20','20','Qui voluptates id reiciendis dolore nulla. Earum sunt aut similique officia et voluptas. Non assumenda doloremque eveniet ad quo harum. Modi odio ut occaecati quia rerum ea quae.','1972-03-09 18:51:48'),
('21','21','21','Ea distinctio hic suscipit et qui natus et. Ratione nulla est ad velit.','1996-11-28 16:58:35'),
('22','22','22','Incidunt culpa nisi dolorem. Velit commodi distinctio molestiae consequatur ipsam porro qui possimus. Accusantium itaque ipsam dolore cupiditate quis iusto.','1997-11-21 06:24:58'),
('23','23','23','Provident cupiditate quis perferendis iure numquam quibusdam. Non et ab esse rerum corrupti delectus est. Nisi aliquid dolorem est adipisci sit odit.','2011-04-16 14:42:30'),
('24','24','24','Vel sunt iste minus omnis neque. Et voluptatibus placeat sunt aliquid nesciunt. Repellat repellat iste voluptate officia eveniet.','2009-11-24 21:39:53'),
('25','25','25','Adipisci laudantium et laudantium nihil eum porro. Est earum dolore dolorem nam vero provident. Sint quidem sed harum et sunt reprehenderit ducimus.','1988-01-05 03:53:43'),
('26','26','26','Eligendi ut voluptas accusamus aut quis consequatur. Officia vel magnam numquam nihil. Iusto atque velit facere repellendus molestiae molestias explicabo.','2009-06-25 05:11:31'),
('27','27','27','Omnis qui sit voluptatum impedit maiores dolorem possimus. Sed tempore voluptatem veritatis dolorem. Exercitationem ratione ratione tempora debitis.','1998-02-17 15:59:19'),
('28','28','28','Non molestiae laboriosam cupiditate repudiandae. Repudiandae consequatur tempora officia. Et doloremque illo iste.','1989-04-07 19:26:02'),
('29','29','29','Dolorem vel eos iusto qui quia aut blanditiis debitis. Atque et aut ut et. Inventore debitis et debitis eum veritatis. Quod impedit ipsum aliquam placeat.','2010-08-16 09:18:56'),
('30','30','30','Omnis possimus sint molestias ullam reiciendis magni. Inventore occaecati magni minus. Consequuntur earum provident aut neque excepturi dignissimos eveniet.','1995-08-06 05:50:20'),
('31','31','31','Aliquam aut culpa minima dolorem illo neque minus. Aut deleniti veniam maxime ipsa repellendus. Dolor quos consectetur repellendus et laborum rem.','1989-03-06 19:10:20'),
('32','32','32','Quisquam sunt pariatur aut id eveniet. Ipsum quia facilis nam dolore.','1982-08-25 16:31:10'),
('33','33','33','Est dolore eos consequatur quis quas consequatur ex aut. Non animi reiciendis quis dolor molestiae est sit. Sint quia veniam cum. Quia sunt ipsam placeat modi ea quaerat.','2009-12-28 00:08:27'),
('34','34','34','Quasi architecto rem dicta esse vel et eveniet nulla. Corporis iure qui voluptatum libero. Vel et laboriosam dolorum quas aut dolorem. Similique et ducimus saepe id molestias distinctio quia.','2016-10-05 12:05:24'),
('35','35','35','Animi eos tempore dolor quasi. Perferendis recusandae alias et ipsum labore accusantium et. Est tempore soluta consequuntur magni.','1992-05-15 13:22:34'),
('36','36','36','Repudiandae aut autem mollitia adipisci quis at quo. Voluptas sequi hic mollitia id autem ut. Sint fugiat est voluptatem nemo quo quos animi neque. Eligendi ut ducimus dolorem nostrum consequatur quia quia.','1986-03-21 21:08:48'),
('37','37','37','Impedit aspernatur laudantium voluptas ea eveniet nostrum. Suscipit dolorem ut delectus omnis eveniet omnis.','2003-09-25 07:16:49'),
('38','38','38','Qui aut corporis ut qui iusto odio expedita est. Quam facilis iste blanditiis pariatur quidem sint similique fugiat. Et et nam nemo consequatur placeat reprehenderit tempora.','2002-12-06 14:32:51'),
('39','39','39','Asperiores sed autem pariatur sit doloribus. Aut officiis maxime culpa ut velit quos. Excepturi quam aliquam in distinctio sunt.','1994-09-23 20:37:51'),
('40','40','40','Aut qui voluptatibus tempore. Quae necessitatibus ut non aut quae. Qui quibusdam nihil consequuntur quia est.','2002-03-14 04:56:04'),
('41','41','41','Molestias qui animi nesciunt. Error aut quo ut dolorum. Quia fugiat voluptate maiores voluptas distinctio voluptatum non.','1997-07-14 04:43:43'),
('42','42','42','Nulla laboriosam adipisci corrupti soluta. Quo quia blanditiis velit ab asperiores. Consectetur dolorum et eveniet unde. Natus quod minima voluptates impedit laborum.','1987-04-11 04:51:44'),
('43','43','43','Necessitatibus quo eveniet sed neque. Ut reiciendis eos sunt in facere vel. Quaerat quasi et voluptatibus vel aliquam incidunt qui. Perspiciatis consequatur repellat officiis qui nobis aspernatur culpa.','1981-05-16 00:09:27'),
('44','44','44','Illum rem voluptas culpa rerum saepe doloremque ut. Et similique rerum quam. Molestiae a ratione qui eum qui explicabo voluptate totam. Ipsam fugit natus similique aut nesciunt. Aliquam molestias ipsa voluptatum asperiores voluptatibus ut.','2018-04-15 21:51:53'),
('45','45','45','Distinctio unde molestiae est delectus aut accusamus quo impedit. Omnis dolor autem quis veritatis tenetur. Maxime rerum nihil et labore. Omnis aut expedita occaecati velit incidunt.','1986-06-11 02:18:12'),
('46','46','46','Ipsum sed et aspernatur et. Eligendi minima facere commodi ullam voluptatem aut consequatur. A minima voluptatem ipsum laborum sed maiores.','2010-02-15 08:09:18'),
('47','47','47','Voluptates ea incidunt eligendi et est sed itaque. Modi magnam consectetur occaecati laboriosam optio. Eaque commodi accusantium enim eligendi autem saepe. Adipisci quos ad veritatis sit occaecati quisquam laboriosam. Hic ipsam eum reiciendis nulla voluptatem nisi laudantium.','1994-03-30 12:35:08'),
('48','48','48','Dolorum eius nobis ut earum quam. Eum et consectetur ut quos unde est exercitationem. Maxime optio eum sed sequi aut. Id eos quidem aut qui.','1980-01-19 12:21:52'),
('49','49','49','Officia enim quisquam incidunt vel quo repellat. Nemo laboriosam ullam et sed adipisci. Qui illo est non officiis cum velit. Dolores non et perspiciatis odit.','1975-08-01 09:37:08'),
('50','50','50','Nam in id perferendis iste vel qui. Fuga nostrum error asperiores excepturi. Quisquam non itaque repudiandae explicabo sint. Labore exercitationem repellat exercitationem voluptatem.','2006-01-06 22:58:08'),
('51','51','51','Aut ab magni ipsam. Et illum maxime nisi. Ea voluptatem doloribus quaerat distinctio perferendis vitae nihil. Perferendis soluta quisquam amet qui.','2005-07-24 13:35:24'),
('52','52','52','Occaecati voluptas cum eos quos totam. Consequatur iusto et odio molestias nemo eligendi fugiat. Et qui ducimus quas ut quasi est.','2006-05-10 21:44:51'),
('53','53','53','Recusandae sed similique et aspernatur fugiat. Rerum sit ratione ut quia quo possimus. Architecto ea quibusdam in magnam eum ut ut. Exercitationem ut aspernatur optio temporibus.','2012-07-15 07:06:33'),
('54','54','54','Magni quidem officiis recusandae. Consequuntur est et provident vitae nisi at. Nihil tempora consequuntur nobis sint corporis commodi eum. Et soluta earum temporibus modi qui consequatur.','2006-07-16 16:23:02'),
('55','55','55','Voluptatem omnis eveniet perferendis vel velit corrupti. Aut aut ad aliquid sit accusantium incidunt. Nobis sunt iste odit molestiae.','1982-12-26 20:09:05'),
('56','56','56','Cum sequi quis quis molestiae. Numquam autem et beatae eaque quod. Est velit voluptas quia ad est maiores occaecati.','2015-06-01 02:21:59'),
('57','57','57','Ut provident rem praesentium velit perspiciatis sint. Aut et repudiandae sed unde. Natus eligendi minima optio consequatur qui et sit.','2000-01-22 22:01:17'),
('58','58','58','Sequi dolor quaerat minima. Et maiores delectus eaque incidunt facilis voluptatem non. Cupiditate et unde et eos veniam. Qui non explicabo explicabo veritatis expedita voluptatibus commodi.','1980-03-27 14:37:06'),
('59','59','59','Vel atque nostrum non quia nobis enim neque. Rerum aut ipsam maxime quia aliquam est. Nihil inventore doloribus nobis qui culpa saepe in.','1996-10-05 16:00:13'),
('60','60','60','Minus quos explicabo delectus aut dolores rerum. Quisquam omnis ipsa commodi repellendus. Dolor dicta quam et perspiciatis dolor aut laborum. Quas cupiditate maiores doloremque incidunt.','2018-10-18 14:49:42'),
('61','61','61','Sint reiciendis in iure quidem. Totam aut dolores ducimus et voluptatibus laudantium. Dolores a facere et aut laboriosam in eius voluptatem.','2002-01-13 05:18:42'),
('62','62','62','Doloremque facilis ipsam veritatis incidunt. Unde vel exercitationem et nostrum quia blanditiis. Dolore qui modi numquam delectus sint quo vel. Iure sed nisi et aut at eum omnis.','1979-01-31 13:33:48'),
('63','63','63','Ea et sed sed nemo. Aut soluta ut dolorum minima. Voluptates voluptate a repellat quis aliquam delectus.','1973-05-30 22:55:32'),
('64','64','64','Dolore vel aut beatae odit. Culpa qui maxime aspernatur deleniti eos ut. Dolor reprehenderit a temporibus itaque voluptas doloremque minus. Dicta at necessitatibus sequi tenetur aut quo. Deleniti perferendis quod qui pariatur sunt necessitatibus.','1980-09-27 17:41:44'),
('65','65','65','Qui beatae est et ipsa. Voluptate est et culpa et quaerat harum nisi. Rem ex distinctio aspernatur consequatur mollitia aspernatur.','2009-10-04 13:13:05'),
('66','66','66','Quas rerum repudiandae laborum quis molestiae totam nisi. Eaque nihil vel odit qui dicta et numquam. Laudantium id qui quis ut placeat error. Voluptatibus ipsam nihil velit quas fuga.','1981-06-14 09:55:14'),
('67','67','67','Odit et possimus quos ducimus ducimus perspiciatis. Cum est sunt eos voluptates sed est vero cum. Placeat voluptatem non corrupti eos.','2006-09-18 06:03:05'),
('68','68','68','Sint dolor ut minus laudantium velit velit pariatur. Voluptate alias expedita natus tempora ipsam sapiente tenetur necessitatibus. Nobis reprehenderit et et. Iure possimus quis consequatur tempore.','1993-07-20 14:33:12'),
('69','69','69','Sint omnis ducimus in sit nesciunt accusantium libero ut. Dicta molestiae est sit reiciendis quis. Ea qui ipsum tempora nihil molestiae. Repudiandae voluptatum laboriosam et fugiat odit eos aut.','1970-03-20 06:45:45'),
('70','70','70','Qui ratione aut et ut laudantium voluptatem. Quibusdam ullam necessitatibus reiciendis sit non exercitationem nulla. Praesentium modi soluta dicta quod.','1990-08-15 23:54:32'),
('71','71','71','Blanditiis eos quia officia rerum voluptas. Doloremque quia doloremque quidem tempore dolore atque. Quas quisquam voluptatibus quia officia est.','1980-12-04 02:19:14'),
('72','72','72','Consequatur reprehenderit quia quo illo. Dolores debitis laborum dicta et distinctio sunt autem voluptatem. Sed id dignissimos et error. Corrupti harum aut dolorem aut rerum adipisci et ut.','2007-09-20 21:25:27'),
('73','73','73','Ab odio at ut voluptatem cupiditate. Ducimus enim hic voluptas quia. Sunt quis sapiente aut. Rem eius facilis rerum. Veritatis architecto enim aut consequatur.','1976-01-11 09:29:25'),
('74','74','74','Eveniet molestiae doloribus quidem cum consequatur voluptatem. Veritatis ullam rerum nobis quos laborum esse atque. Doloribus asperiores tenetur vel aut molestias explicabo corrupti qui. Natus laborum non aliquid dolorum est nam error.','1983-11-26 18:01:08'),
('75','75','75','Facere repudiandae et eligendi officiis consectetur deleniti rerum possimus. Alias dolor ipsa delectus suscipit. Similique deleniti quod non qui eius ex vero.','1985-10-19 23:21:02'),
('76','76','76','Labore numquam voluptatibus pariatur alias dolorem et non laborum. Impedit qui non quae et ipsa quia sunt odio. Vitae incidunt assumenda neque autem veritatis et sed.','1990-07-30 00:59:32'),
('77','77','77','Consequatur quas doloremque veniam suscipit minus tempora. Ratione reiciendis odio delectus possimus reiciendis totam. Ut dignissimos omnis labore velit magnam accusantium laborum. Vero et consequatur placeat.','1996-07-28 14:56:25'),
('78','78','78','Rerum saepe quibusdam esse est autem a qui. Assumenda ipsam consequatur non ipsum aut. Possimus quia harum in tempore.','1983-10-27 23:09:46'),
('79','79','79','Error nisi magnam consectetur. Doloribus blanditiis maxime sunt. Ex est accusantium modi voluptates et consequatur excepturi praesentium. Et sed accusamus nihil voluptatem quisquam dolores et.','1984-10-01 14:43:22'),
('80','80','80','Provident voluptatum non ad est expedita cupiditate sapiente. Non quis nihil id architecto quod. Harum est impedit minus doloremque ipsum vel. Et omnis laudantium totam nemo explicabo saepe tempora.','2012-08-24 01:50:27'),
('81','81','81','Fugiat nobis ut consequatur non sunt. Id maiores ut officia est eaque. Sunt ea impedit sint perspiciatis. Magnam iusto illo praesentium autem perferendis.','1971-04-10 05:46:54'),
('82','82','82','Omnis accusantium asperiores numquam ullam earum consequuntur. Fugit incidunt sint et dolorum quis labore sint. Illo pariatur est dolorum eos repellat rerum iste. Eligendi modi quo et dolor magnam.','2007-01-27 12:03:56'),
('83','83','83','Doloremque qui aut animi deleniti ab voluptatibus possimus. Neque quis nulla facere similique voluptatem eligendi harum enim. Amet enim impedit voluptas non.','1994-04-02 08:49:45'),
('84','84','84','Occaecati error adipisci provident quaerat. Vel atque nam et eos cum. Quaerat tenetur adipisci ut voluptatem laboriosam et.','1982-10-16 17:52:00'),
('85','85','85','Doloremque alias laborum omnis ea eos dolor quo. Quam reprehenderit distinctio fugit tempora ut aliquid magni. Et optio dolorem sed quas quos numquam. Sed mollitia laborum ut occaecati exercitationem.','2018-03-30 08:18:31'),
('86','86','86','Magni odit consectetur est eum. Et assumenda delectus excepturi dolores nam tenetur occaecati.','2001-02-14 00:31:07'),
('87','87','87','Qui facere sunt nostrum in eum ipsa at in. Dignissimos similique quo quia ab.','1995-07-25 12:18:22'),
('88','88','88','Dolorem voluptatibus nulla numquam porro. Quia ut at et ducimus modi atque. Maxime sint et sit est molestiae quasi quia nihil.','1996-03-28 13:43:43'),
('89','89','89','Dolor deleniti rerum culpa sit natus autem. Culpa eius voluptatem sint quisquam assumenda quae occaecati.','2010-06-06 01:44:43'),
('90','90','90','Magnam sint expedita laudantium sunt. Officia maxime nulla necessitatibus corporis eum. Dolores voluptates officia quia iste vero. Qui enim quasi qui quia recusandae recusandae.','1977-10-20 22:33:49'),
('91','91','91','Mollitia officia sed omnis eum id nisi. Numquam at adipisci incidunt sit quo. Quisquam optio mollitia laboriosam ut placeat. Et autem commodi eum voluptas dolor ducimus cumque.','2005-10-29 05:56:20'),
('92','92','92','Perspiciatis nemo consequatur dolore minima non aliquam cumque qui. Dicta doloremque in praesentium libero rerum. Reprehenderit ratione est enim non. Eos hic dolorem eligendi iusto expedita.','2014-01-23 17:36:37'),
('93','93','93','Qui quis officiis et accusamus consequatur. Rem voluptas ut voluptates dignissimos est. Sunt error delectus ad quibusdam. Qui ullam dolor dolores voluptatem.','2014-04-28 04:28:50'),
('94','94','94','Aliquam officia voluptatem quo fugiat sit magni. Nobis aperiam cumque ut doloremque neque ipsa est.','2005-03-14 15:44:07'),
('95','95','95','Alias et in iusto aut. Nemo inventore ut debitis dolor odio ullam consequuntur in. Esse at est voluptatibus ducimus architecto quia. Eos maiores qui vel dolore.','1983-10-25 02:15:20'),
('96','96','96','Et mollitia sed similique eius placeat tempore. Dolorum et eos a nulla ullam doloremque voluptas. Dolore distinctio eum qui dolores nisi voluptas.','2018-09-23 02:40:19'),
('97','97','97','Iusto et tenetur commodi facere eum. Rerum qui repellat quia. Non cumque quas veniam unde dolores asperiores sunt rerum. Aut quo quasi sequi.','1975-01-28 10:38:41'),
('98','98','98','Officiis dolorem impedit quo temporibus odio blanditiis facere libero. Voluptatum tempora provident libero accusamus ab magnam et earum. Quos qui harum occaecati sunt. Aut ut quos dicta id quia et.','1993-06-15 12:14:38'),
('99','99','99','Maiores excepturi atque architecto nihil consequatur velit. Velit sint dolor laborum.','2012-05-26 03:53:24'),
('100','100','100','Tempore fugiat earum nam cupiditate hic blanditiis amet accusamus. Dignissimos in sit iusto dolorem aut voluptatibus tenetur. Sint sunt assumenda omnis accusamus inventore nulla qui.','1997-08-06 08:40:57'); 


DROP TABLE IF EXISTS `photo_albums`;
CREATE TABLE `photo_albums` (
  `id` bigint(20) unsigned NOT NULL AUTO_INCREMENT,
  `name` varchar(200) COLLATE utf8_unicode_ci DEFAULT NULL,
  `user_id` bigint(20) unsigned NOT NULL,
  PRIMARY KEY (`id`),
  UNIQUE KEY `id` (`id`),
  KEY `user_id` (`user_id`),
  CONSTRAINT `photo_albums_ibfk_1` FOREIGN KEY (`user_id`) REFERENCES `users` (`id`)
) ENGINE=InnoDB AUTO_INCREMENT=101 DEFAULT CHARSET=utf8 COLLATE=utf8_unicode_ci;

INSERT INTO `photo_albums` VALUES ('1','est','1'),
('2','iusto','2'),
('3','repellendus','3'),
('4','dolores','4'),
('5','ut','5'),
('6','laudantium','6'),
('7','sed','7'),
('8','quos','8'),
('9','qui','9'),
('10','quam','10'),
('11','totam','11'),
('12','enim','12'),
('13','sed','13'),
('14','eaque','14'),
('15','et','15'),
('16','vel','16'),
('17','laudantium','17'),
('18','facere','18'),
('19','eveniet','19'),
('20','et','20'),
('21','in','21'),
('22','nesciunt','22'),
('23','architecto','23'),
('24','dolorem','24'),
('25','dolor','25'),
('26','aut','26'),
('27','sit','27'),
('28','sint','28'),
('29','voluptatem','29'),
('30','hic','30'),
('31','dolore','31'),
('32','repellat','32'),
('33','molestiae','33'),
('34','veritatis','34'),
('35','atque','35'),
('36','quasi','36'),
('37','facilis','37'),
('38','ab','38'),
('39','esse','39'),
('40','sed','40'),
('41','nesciunt','41'),
('42','non','42'),
('43','qui','43'),
('44','quia','44'),
('45','impedit','45'),
('46','maxime','46'),
('47','voluptates','47'),
('48','molestiae','48'),
('49','sapiente','49'),
('50','optio','50'),
('51','beatae','51'),
('52','tempore','52'),
('53','nulla','53'),
('54','accusamus','54'),
('55','assumenda','55'),
('56','autem','56'),
('57','iusto','57'),
('58','non','58'),
('59','exercitationem','59'),
('60','numquam','60'),
('61','natus','61'),
('62','nam','62'),
('63','suscipit','63'),
('64','libero','64'),
('65','amet','65'),
('66','accusamus','66'),
('67','sit','67'),
('68','et','68'),
('69','error','69'),
('70','laudantium','70'),
('71','earum','71'),
('72','illum','72'),
('73','eos','73'),
('74','similique','74'),
('75','consequatur','75'),
('76','non','76'),
('77','culpa','77'),
('78','inventore','78'),
('79','minus','79'),
('80','nostrum','80'),
('81','occaecati','81'),
('82','est','82'),
('83','magni','83'),
('84','distinctio','84'),
('85','labore','85'),
('86','et','86'),
('87','culpa','87'),
('88','eos','88'),
('89','est','89'),
('90','asperiores','90'),
('91','id','91'),
('92','maxime','92'),
('93','et','93'),
('94','eius','94'),
('95','consequatur','95'),
('96','nostrum','96'),
('97','non','97'),
('98','officiis','98'),
('99','voluptates','99'),
('100','quidem','100'); 


DROP TABLE IF EXISTS `photos`;
CREATE TABLE `photos` (
  `id` bigint(20) unsigned NOT NULL AUTO_INCREMENT,
  `album_id` bigint(20) unsigned DEFAULT NULL,
  `media_id` bigint(20) unsigned DEFAULT NULL,
  PRIMARY KEY (`id`),
  KEY `album_id` (`album_id`),
  KEY `media_id` (`media_id`),
  CONSTRAINT `photos_ibfk_1` FOREIGN KEY (`album_id`) REFERENCES `photo_albums` (`id`),
  CONSTRAINT `photos_ibfk_2` FOREIGN KEY (`media_id`) REFERENCES `media` (`id`)
) ENGINE=InnoDB AUTO_INCREMENT=101 DEFAULT CHARSET=utf8 COLLATE=utf8_unicode_ci;

INSERT INTO `photos` VALUES ('1','1','1'),
('2','2','2'),
('3','3','3'),
('4','4','4'),
('5','5','5'),
('6','6','6'),
('7','7','7'),
('8','8','8'),
('9','9','9'),
('10','10','10'),
('11','11','11'),
('12','12','12'),
('13','13','13'),
('14','14','14'),
('15','15','15'),
('16','16','16'),
('17','17','17'),
('18','18','18'),
('19','19','19'),
('20','20','20'),
('21','21','21'),
('22','22','22'),
('23','23','23'),
('24','24','24'),
('25','25','25'),
('26','26','26'),
('27','27','27'),
('28','28','28'),
('29','29','29'),
('30','30','30'),
('31','31','31'),
('32','32','32'),
('33','33','33'),
('34','34','34'),
('35','35','35'),
('36','36','36'),
('37','37','37'),
('38','38','38'),
('39','39','39'),
('40','40','40'),
('41','41','41'),
('42','42','42'),
('43','43','43'),
('44','44','44'),
('45','45','45'),
('46','46','46'),
('47','47','47'),
('48','48','48'),
('49','49','49'),
('50','50','50'),
('51','51','51'),
('52','52','52'),
('53','53','53'),
('54','54','54'),
('55','55','55'),
('56','56','56'),
('57','57','57'),
('58','58','58'),
('59','59','59'),
('60','60','60'),
('61','61','61'),
('62','62','62'),
('63','63','63'),
('64','64','64'),
('65','65','65'),
('66','66','66'),
('67','67','67'),
('68','68','68'),
('69','69','69'),
('70','70','70'),
('71','71','71'),
('72','72','72'),
('73','73','73'),
('74','74','74'),
('75','75','75'),
('76','76','76'),
('77','77','77'),
('78','78','78'),
('79','79','79'),
('80','80','80'),
('81','81','81'),
('82','82','82'),
('83','83','83'),
('84','84','84'),
('85','85','85'),
('86','86','86'),
('87','87','87'),
('88','88','88'),
('89','89','89'),
('90','90','90'),
('91','91','91'),
('92','92','92'),
('93','93','93'),
('94','94','94'),
('95','95','95'),
('96','96','96'),
('97','97','97'),
('98','98','98'),
('99','99','99'),
('100','100','100'); 


DROP TABLE IF EXISTS `profiles`;
CREATE TABLE `profiles` (
  `user_id` bigint(20) unsigned NOT NULL AUTO_INCREMENT,
  `gender` char(1) COLLATE utf8_unicode_ci DEFAULT NULL,
  `birthday` date DEFAULT NULL,
  `photo_id` bigint(20) unsigned DEFAULT NULL,
  `hometown` varchar(100) COLLATE utf8_unicode_ci DEFAULT NULL,
  `created_at` datetime DEFAULT current_timestamp(),
  PRIMARY KEY (`user_id`),
  CONSTRAINT `fk_user_id` FOREIGN KEY (`user_id`) REFERENCES `users` (`id`) ON DELETE NO ACTION ON UPDATE CASCADE
) ENGINE=InnoDB AUTO_INCREMENT=101 DEFAULT CHARSET=utf8 COLLATE=utf8_unicode_ci;

INSERT INTO `profiles` VALUES ('1',NULL,'2012-09-01','1',NULL,'1992-01-06 18:33:52'),
('2',NULL,'1983-11-04','2',NULL,'2004-05-23 18:09:28'),
('3',NULL,'1975-09-17','3',NULL,'2014-07-21 02:05:53'),
('4',NULL,'1983-04-07','4',NULL,'2005-08-27 19:59:57'),
('5',NULL,'1997-09-04','5',NULL,'1987-04-16 00:00:46'),
('6',NULL,'1989-08-12','6',NULL,'2006-02-24 04:36:20'),
('7',NULL,'1987-10-10','7',NULL,'1987-08-14 08:44:45'),
('8',NULL,'1998-02-17','8',NULL,'1997-05-22 01:03:28'),
('9',NULL,'1976-01-26','9',NULL,'1974-11-18 17:00:28'),
('10',NULL,'2015-04-07','10',NULL,'1981-12-24 08:52:03'),
('11',NULL,'2003-10-18','11',NULL,'1998-06-09 22:03:09'),
('12',NULL,'2013-08-23','12',NULL,'1983-04-22 15:54:47'),
('13',NULL,'2005-11-16','13',NULL,'1986-07-26 19:10:41'),
('14',NULL,'1995-12-23','14',NULL,'1990-05-13 23:21:29'),
('15',NULL,'1989-09-01','15',NULL,'1986-05-04 16:42:26'),
('16',NULL,'1982-09-08','16',NULL,'2000-04-22 10:58:49'),
('17',NULL,'1973-01-13','17',NULL,'1992-12-26 12:35:50'),
('18',NULL,'1973-11-15','18',NULL,'2002-02-23 03:50:47'),
('19',NULL,'2015-08-21','19',NULL,'2008-05-11 01:04:47'),
('20',NULL,'2015-02-01','20',NULL,'2012-08-31 11:24:13'),
('21',NULL,'1987-08-19','21',NULL,'1996-03-13 16:52:47'),
('22',NULL,'1981-07-23','22',NULL,'1987-11-04 23:55:08'),
('23',NULL,'1981-01-25','23',NULL,'2019-08-24 22:32:44'),
('24',NULL,'2004-10-25','24',NULL,'1979-03-06 00:55:23'),
('25',NULL,'1989-05-28','25',NULL,'2014-11-16 13:35:48'),
('26',NULL,'1989-09-24','26',NULL,'1984-11-20 13:21:54'),
('27',NULL,'2006-04-21','27',NULL,'1990-04-09 10:03:32'),
('28',NULL,'1998-08-28','28',NULL,'1986-07-30 23:38:33'),
('29',NULL,'1993-05-28','29',NULL,'1998-10-12 06:03:33'),
('30',NULL,'1979-05-15','30',NULL,'2008-05-06 20:35:32'),
('31',NULL,'2016-12-14','31',NULL,'1991-05-09 23:41:36'),
('32',NULL,'2007-03-20','32',NULL,'2003-08-19 12:13:55'),
('33',NULL,'1972-04-26','33',NULL,'2018-01-03 23:15:16'),
('34',NULL,'2001-04-16','34',NULL,'2000-07-28 16:59:41'),
('35',NULL,'2009-06-11','35',NULL,'1980-10-26 18:53:09'),
('36',NULL,'2007-07-16','36',NULL,'1981-01-18 21:16:03'),
('37',NULL,'2002-06-06','37',NULL,'1985-10-06 18:15:49'),
('38',NULL,'1977-06-19','38',NULL,'1972-11-09 06:33:48'),
('39',NULL,'2008-09-25','39',NULL,'1981-10-13 10:24:26'),
('40',NULL,'1987-10-14','40',NULL,'1996-01-30 08:07:27'),
('41',NULL,'1974-10-26','41',NULL,'2012-03-27 00:30:11'),
('42',NULL,'1971-04-15','42',NULL,'1996-06-11 01:10:39'),
('43',NULL,'2003-05-26','43',NULL,'1997-01-31 14:12:48'),
('44',NULL,'2008-06-27','44',NULL,'1990-12-02 15:02:13'),
('45',NULL,'2007-04-01','45',NULL,'2004-07-20 07:45:43'),
('46',NULL,'1973-07-03','46',NULL,'1997-09-06 20:25:49'),
('47',NULL,'1977-06-18','47',NULL,'2018-08-24 03:54:00'),
('48',NULL,'2000-08-19','48',NULL,'2012-11-08 06:44:58'),
('49',NULL,'1972-02-14','49',NULL,'2000-05-25 23:27:46'),
('50',NULL,'2006-10-29','50',NULL,'1983-06-04 07:54:49'),
('51',NULL,'1981-04-17','51',NULL,'2013-04-30 09:24:11'),
('52',NULL,'1991-04-09','52',NULL,'1984-11-16 03:14:29'),
('53',NULL,'1970-07-12','53',NULL,'2013-10-13 23:31:03'),
('54',NULL,'2015-09-02','54',NULL,'2016-12-24 13:07:57'),
('55',NULL,'1995-10-05','55',NULL,'2001-09-08 05:29:24'),
('56',NULL,'2008-05-26','56',NULL,'1978-09-07 10:34:55'),
('57',NULL,'1971-05-26','57',NULL,'2008-07-22 20:58:05'),
('58',NULL,'1981-12-15','58',NULL,'2001-11-07 13:32:17'),
('59',NULL,'2017-07-08','59',NULL,'1981-08-18 19:40:48'),
('60',NULL,'1979-10-30','60',NULL,'1987-06-13 01:45:44'),
('61',NULL,'1998-01-26','61',NULL,'1999-02-07 21:09:16'),
('62',NULL,'1976-06-13','62',NULL,'1980-11-30 18:38:17'),
('63',NULL,'1986-11-14','63',NULL,'2014-10-20 21:30:57'),
('64',NULL,'2015-10-10','64',NULL,'2007-03-05 02:11:00'),
('65',NULL,'1997-03-11','65',NULL,'1971-11-06 15:42:52'),
('66',NULL,'1984-10-13','66',NULL,'1976-05-28 19:49:35'),
('67',NULL,'1976-03-11','67',NULL,'1980-11-27 09:39:15'),
('68',NULL,'1999-01-20','68',NULL,'2009-01-12 12:40:41'),
('69',NULL,'1990-10-30','69',NULL,'1979-09-11 17:14:51'),
('70',NULL,'1975-11-26','70',NULL,'2005-08-26 22:22:15'),
('71',NULL,'1993-08-23','71',NULL,'1972-07-27 02:35:54'),
('72',NULL,'2013-04-14','72',NULL,'1975-03-05 05:34:30'),
('73',NULL,'2006-01-11','73',NULL,'1981-11-15 13:14:46'),
('74',NULL,'2016-04-16','74',NULL,'2009-09-06 05:47:21'),
('75',NULL,'2000-10-05','75',NULL,'2002-01-02 17:43:56'),
('76',NULL,'1976-03-30','76',NULL,'1999-09-27 20:55:03'),
('77',NULL,'1996-04-20','77',NULL,'1971-08-09 02:43:24'),
('78',NULL,'1993-04-07','78',NULL,'1972-12-27 03:15:51'),
('79',NULL,'1996-08-05','79',NULL,'2019-11-14 23:45:16'),
('80',NULL,'1990-09-24','80',NULL,'1973-01-03 13:41:37'),
('81',NULL,'2003-06-12','81',NULL,'1995-10-03 00:58:34'),
('82',NULL,'2006-11-18','82',NULL,'2019-08-18 09:13:49'),
('83',NULL,'2013-02-23','83',NULL,'2007-02-22 17:38:02'),
('84',NULL,'2014-04-22','84',NULL,'1981-11-18 17:14:40'),
('85',NULL,'2010-03-01','85',NULL,'2007-05-15 00:49:30'),
('86',NULL,'1972-06-09','86',NULL,'2001-01-21 22:26:54'),
('87',NULL,'1972-09-19','87',NULL,'1998-05-22 15:21:57'),
('88',NULL,'2010-05-31','88',NULL,'1974-10-28 09:36:09'),
('89',NULL,'1994-02-09','89',NULL,'2011-09-28 04:55:44'),
('90',NULL,'2000-03-18','90',NULL,'1990-03-15 21:10:42'),
('91',NULL,'1997-01-19','91',NULL,'2002-05-17 14:41:51'),
('92',NULL,'2019-08-27','92',NULL,'2015-11-04 13:15:09'),
('93',NULL,'2013-08-15','93',NULL,'1988-11-08 21:26:26'),
('94',NULL,'2001-08-01','94',NULL,'2013-12-28 14:20:00'),
('95',NULL,'1982-09-30','95',NULL,'1977-05-13 11:03:40'),
('96',NULL,'1989-01-23','96',NULL,'2003-09-01 19:14:20'),
('97',NULL,'2001-03-20','97',NULL,'2018-10-14 09:43:47'),
('98',NULL,'2009-04-11','98',NULL,'1997-11-12 04:38:35'),
('99',NULL,'2009-04-29','99',NULL,'2016-11-05 15:30:05'),
('100',NULL,'1973-12-24','100',NULL,'1971-01-23 09:50:37'); 


DROP TABLE IF EXISTS `users`;
CREATE TABLE `users` (
  `id` bigint(20) unsigned NOT NULL AUTO_INCREMENT,
  `firstname` varchar(100) COLLATE utf8_unicode_ci DEFAULT NULL,
  `lastname` varchar(100) COLLATE utf8_unicode_ci DEFAULT NULL,
  `email` varchar(100) COLLATE utf8_unicode_ci DEFAULT NULL,
  `password_hash` varchar(100) COLLATE utf8_unicode_ci DEFAULT NULL,
  `phone` varchar(12) COLLATE utf8_unicode_ci DEFAULT NULL,
  PRIMARY KEY (`id`),
  UNIQUE KEY `email` (`email`),
  KEY `users_phone_idx` (`phone`),
  KEY `firstname` (`firstname`,`lastname`)
) ENGINE=InnoDB AUTO_INCREMENT=101 DEFAULT CHARSET=utf8 COLLATE=utf8_unicode_ci;

INSERT INTO `users` VALUES ('1','Efren','Larson','pansy.gulgowski@example.com','02d7f2366643f6cf48842f281e2f1bcfe19e834b','1-509-464-61'),
('2','Lily','Roob','lrempel@example.net','de0efb1f0a17cf55246a13cec4d76e58336f91bd','482-677-4223'),
('3','Tamia','Moen','daniel.kiel@example.org','d068167d89617ede3c525c584ccb71cb417ac50e','(040)646-436'),
('4','Adella','Lehner','makenzie.turcotte@example.org','67501c17bd66e0974e9d061ddb8b689fa1aa3dae','+50(6)806583'),
('5','Hillary','Reichert','preston93@example.net','4b2abe85e87cd3640ae5aca270a3743042161c7a','1-033-307-59'),
('6','Fred','Stroman','abdullah22@example.com','895b372053d810e20f73bc053282d4276b8ea776','(216)853-651'),
('7','Austyn','Heller','jacey.smith@example.org','1f00f3e16047cd0844967147d3aaabb0aa0fcc4e','(914)045-534'),
('8','Marquise','Schroeder','nader.emmie@example.com','7ebe0dd61605891324774075ca80ad218a11a567','787.346.3018'),
('9','Enos','Williamson','qcole@example.net','64d4b98a768cdf66c347fc93200a8bd1a7018e8b','(193)632-884'),
('10','Stephen','Cartwright','daugherty.donnie@example.com','70f1c715e0867b1747bd2c172003c6f5d7324356','750-767-4128'),
('11','Marquise','Ryan','johnathon15@example.net','9d27f127764f8622529cfaa1f3c69ea36ba44e94','+43(3)592149'),
('12','Sally','Bode','asa.rice@example.org','a64fbb49b8e0d8da34c536f5b120d13254efab8b','1-814-788-78'),
('13','Earnestine','Sporer','funk.abagail@example.net','d054061c6b100c3dcdac636802ca59c0f6172be1','1-008-915-88'),
('14','Adan','Little','sauer.angela@example.com','386effa9c8adb8d78a162802ce1870a8fdf04bff','08661943612'),
('15','Rebecca','Brekke','sawayn.lilly@example.org','a757ab582fced01703f9abf9a969942f1488b984','993.679.2853'),
('16','Sunny','Gleason','ashleigh27@example.org','fbc190b0cfd0981d39ebd4af634919116143b6d3','162.760.4752'),
('17','Caleigh','Hermann','rau.anne@example.net','1744be0bfbd50315a48f34c5532598194b2f785a','(972)472-124'),
('18','Sylvester','Sawayn','bergstrom.maye@example.net','d6fc423654961f6d3835cacfed66bac9bc44ee94','1-156-245-65'),
('19','Everett','Hayes','predovic.delaney@example.org','ebc5ef3ab26b33764b59677ac3e20cb9feef0599','561-333-5695'),
('20','Frank','Durgan','christelle.hills@example.com','d264aea004784265f1ed6da861ed71a0d3a5019a','(101)601-814'),
('21','Britney','Wisozk','moshe.stehr@example.com','7b55755c7df2c1855d3f886738133e85b1cb4082','+51(1)494145'),
('22','Fanny','Larkin','kub.meda@example.net','1f4393c7b5c5be72c5385a9db8177dec066e218d','1-698-969-46'),
('23','Ruth','Ebert','labshire@example.net','42251c80cae755020d98a9f9f4049a7e41a7cc96','066.835.4734'),
('24','Sanford','Yost','wsporer@example.org','5a9a74b7cae0eacd6d8ebf2ff35784e9b39cffaf','605.887.8743'),
('25','Alanis','Ullrich','omurazik@example.org','330cdf58dcc326b32eee5e87f7a4b3380dc1fbbc','+15(0)980959'),
('26','Earnestine','Abshire','alvina.hermann@example.net','d1fccb8d0a234a00a480af1025fed9210e9f8b95','1-861-574-31'),
('27','Kevon','Johns','ubradtke@example.org','d8c9c240eda8dac51914299cf0aaee7ab8ebcb1c','1-147-822-76'),
('28','Fiona','Satterfield','rick80@example.net','27eaa98274fe46aa2e12454586f817bde1f24034','044.674.7062'),
('29','Jennyfer','Rowe','jratke@example.com','9ffd14fe47207c35006b95523ab19baca2a174b7','(914)214-387'),
('30','Duncan','Schneider','fermin23@example.com','38899e0c477e52d47038c3050085da32e1eafeac','1-115-714-07'),
('31','Olin','Christiansen','evalyn.ritchie@example.com','f65491c3a53d9bd747fb16ccc6980f452c27a8e1','557-496-4176'),
('32','Daphnee','Ward','eolson@example.net','4555ebb0fb31b9a9a7c684ee381698324e5f066c','1-799-773-83'),
('33','Rebekah','Zboncak','lindgren.torey@example.com','79425f41ae61eed8d7e8d934d5f1ebfc829a3d6d','1-054-614-23'),
('34','Micaela','Hoeger','pierce.hane@example.com','9ba76368193d6aa6f2dc0d5129c0f91cc572d9ca','949.832.8695'),
('35','Ashtyn','Welch','bert.glover@example.com','328a2e3ed202b3dfab396bdbc7054129eb8f7e23','05832672492'),
('36','Bret','Wilkinson','breitenberg.brett@example.net','c108f6ae9921713ef92f00239ddf9ddd3341fd6e','156.536.4184'),
('37','Rebeca','Kuvalis','katelyn.zulauf@example.net','a6eecac355e78dab5876f43cf367884d577d8194','654.264.1145'),
('38','Vivien','Fritsch','hane.adrain@example.com','6eeb87dd9c59f47fe072821fc58994c87d540bcf','1-285-182-81'),
('39','Hettie','Yundt','wbahringer@example.com','bdc557952fe4101762398948a891502c4f3d2a86','(188)197-658'),
('40','Rhiannon','Durgan','alexane85@example.org','94bdb149edce31db1e6e6ef43be94eb80ba014f9','1-827-149-71'),
('41','Morton','Cummings','monahan.adelia@example.org','49c0cd812390e8c7a053a2ce75ba147bd5e09623','607.215.1025'),
('42','Julien','Corkery','janis.harris@example.com','40726f8aa30879b4a3bafc66715acf89d4e3ff68','1-576-306-99'),
('43','Eleanora','Pollich','leuschke.sheldon@example.org','637d8fe935250baa350619963588e80cb597c494','(709)152-196'),
('44','Jayda','Moen','alexis96@example.com','b1aaf3a92b286bd2e3ff8480771427abe3a546f1','01535721091'),
('45','Fredrick','Shields','mills.pinkie@example.net','26ce1a19fe913d94d64bab9e0f2b10b917a4b061','214.709.7552'),
('46','Javier','Hickle','derek93@example.com','f9cdc467c4befa06575845356ba5efe7193061de','02303204378'),
('47','Loyce','Wolff','addie07@example.com','d62a2b7002898622c7221a3a914d7e6eaa2f5ecf','+49(5)230479'),
('48','Brianne','Moen','rogahn.aron@example.net','b7d28ce1155a8a21c1d3579f06668f2943b610c8','550-295-6342'),
('49','Vilma','Heathcote','clynch@example.com','267e488ea90b73af5b5159388c044fe3b0125d72','1-874-907-72'),
('50','Jaunita','Abshire','guy.corwin@example.com','42b453137dfaeb70257c2e722046f6587c48cf8c','003.452.7080'),
('51','Izabella','Gorczany','reva.bednar@example.net','6a84050f4a51c0bbefcca480490f805f5761086d','1-566-388-13'),
('52','Graciela','Gottlieb','zgrant@example.com','de2e14f05df22bc09b99cc4ae28c71fb642c12b3','588-403-6622'),
('53','Michaela','Quigley','mayert.phyllis@example.net','aca118d0fe60a1975417948aeac2ac4a2294e657','051-529-8270'),
('54','Raoul','Roberts','stokes.hildegard@example.org','1fd28b91ddbf1ecab300c035de32c1e7cc6f0956','858.980.9853'),
('55','Elody','Schmidt','spaucek@example.com','cbc78217a9e791b0c024b8d74b5137cb7799f37f','652-403-1156'),
('56','Rory','Langosh','lisette33@example.com','61d4578a3cdccb3595e0df4091aae26edf14dfa3','03738998414'),
('57','Sincere','Herzog','cristina.d\'amore@example.com','4d86d3bb91019017a34482358939a68c0a243daf','(292)353-417'),
('58','Johnathan','Huel','qfeeney@example.net','5b4d4ae75c30b47d82b69f446f517258583079bb','200.358.4793'),
('59','Savion','Gutkowski','wiegand.douglas@example.org','1077a014b2d12f1603571e1619b20f6df4ec183a','(330)290-749'),
('60','Treva','Langworth','cayla.ziemann@example.org','ebaf0610124ee4f639d42e44a0a5f97d9fc1726b','06844985380'),
('61','Kamren','Walsh','obode@example.com','c634a74cc84c5956c4d7334c11c546fcdab5ebca','(364)874-843'),
('62','Lorenzo','Ankunding','wyman58@example.com','a2f13859210b0a8285126c3922a0531f4661e965','912.917.5117'),
('63','Maude','Schmeler','maggio.lizzie@example.com','6b631cc66e7879ca75d9de0e7abafc77a5b102e4','903.733.0275'),
('64','Terrance','Blanda','collins.khalil@example.org','c270ebd03e2d2ad12d8ab56bdf8e3bcddee36a42','937.969.1494'),
('65','Haylee','Bashirian','waters.dejuan@example.org','866f0554df2de75043682e4adcbc4c8085c6e6a7','(790)552-278'),
('66','Mike','O\'Reilly','howe.berry@example.net','c4f60caffa74d419243534670405933ad3b5047e','04869557358'),
('67','Roslyn','Kuphal','uoberbrunner@example.org','3ec3b9a2d8e532e1fa704245965cfd70c0fa2691','(806)093-777'),
('68','Ashleigh','Dibbert','gilda03@example.net','a6f4c7378f8f9f668127137592ec9777c5ee16dc','1-400-639-80'),
('69','Arch','Deckow','sherman.stokes@example.com','7fcdf750f685766f6cdf632e51b2a02fb0025f77','195.381.2965'),
('70','Jailyn','Graham','tconroy@example.org','cf5f6880ad533c0820f593e21f411e506846d6da','182.455.7337'),
('71','Millie','Emmerich','yrowe@example.com','350d6734ec814cae3a84982833cb5f510ddba84b','1-577-038-58'),
('72','Clay','Farrell','broderick.brakus@example.net','ed117cbe723f19e0220e033f9a166341b8777f97','1-136-987-21'),
('73','Mercedes','Gibson','maiya.gibson@example.org','04b4e16612681a7dc6e69312b65694070c80552d','+81(3)938364'),
('74','Nella','Shields','pfunk@example.com','3a6a76929cc21496d9408b53652a61b7c701c791','1-967-853-78'),
('75','Alysson','Considine','charles47@example.net','4bf26ad10a77a8bacfb3efc8b9f2958a427c3ef5','781-282-7616'),
('76','Brain','Ward','elda85@example.net','4215203959e7f3bcb220638fc076385f20c2109f','241-605-6863'),
('77','Alan','Halvorson','nfeest@example.net','3075aeee04cf9f58a5a0595a04fa549c3ec07a47','01474411539'),
('78','Shanna','Rempel','dickinson.isabella@example.org','e4ae5df8efe6bcfa56d86f3d3e0c6e46f34d7d99','(187)556-470'),
('79','Kellie','Collier','qbogisich@example.org','5baa4756cb59c9a307ce7aa8233aaf3216da99b3','(690)840-323'),
('80','Mariela','Jerde','zulauf.ursula@example.com','319d84cb1318ba1ea93383d798aa2ed44eecd6fe','(009)117-108'),
('81','Eric','Renner','queen.kessler@example.net','5d38557d1ba196f6a455b32430d766c08b60a2e5','921-391-1167'),
('82','Roselyn','Prohaska','nmayer@example.org','9a37cc921b4e3e302f458bac58cccc9a0de50140','1-045-876-84'),
('83','Elvis','Nienow','hilma10@example.com','22455c9ddad25ba86ceffd622a0dafd155f1643c','1-755-495-48'),
('84','Clare','Leuschke','markus.lesch@example.com','36d0ab1b7a0aa9c7729bcf89e94419c6bb7b196a','312-208-5786'),
('85','Maddison','Dooley','ian.mccullough@example.com','6c7446f55576ba702975c1969687ca8833ca65df','(758)899-307'),
('86','Kamille','Donnelly','pvandervort@example.com','2f2ad9ba7e78a7cb02659185e6244d9b0947cca4','+36(3)137337'),
('87','Pasquale','Emmerich','daren02@example.org','85a958f8836398f4eb55f3d46131380a5b7110be','311-890-7362'),
('88','Cristopher','Yost','heidi18@example.org','dc35f6b9b6dbfd9e51a350a652a086e13294d493','1-986-310-25'),
('89','Colt','Abbott','morgan.murray@example.org','74e8acfe3c56386a124099eaf2cbb4e1c9fa1c27','(788)794-963'),
('90','Hollie','Reichert','ewilderman@example.org','9cd56edcdf979d72b6c20fc05798874f20e8d531','1-330-171-59'),
('91','Riley','Hammes','pietro38@example.net','66f9d11a7720392670c42538c8b4fdb47b14692a','(701)831-958'),
('92','Robb','Larson','yasmine.rodriguez@example.com','4ea33b12c37db645391589fdc4a7752fbb44c953','914.404.0223'),
('93','King','Senger','cormier.ruthe@example.com','69de7d8501f6499d4fcbb25b034a15dae64d3bcb','899-552-2450'),
('94','Marcia','Zemlak','elza67@example.com','103a704c1b89c63e7b41182b302f46299073bef9','1-033-955-52'),
('95','Crystel','Brown','garfield27@example.org','5177df336442beffba113aa009cab47d38319441','857-116-1712'),
('96','Israel','Wiegand','jrempel@example.org','b5a4e55c4013602d01499828b546baf3f845deda','(663)897-751'),
('97','Shanon','Williamson','schmidt.maritza@example.org','f6ae656aa3cbc49b92773e6372253eed8da3af10','909-665-1119'),
('98','Luciano','Boehm','lew.lang@example.org','748a14df46da239b4ef4b5d1768e60c19b45b226','+30(8)142308'),
('99','Otha','Lebsack','domenico80@example.org','54edc016f1c922db4b6716b881cff4d040c2dd9c','07949958400'),
('100','Faustino','Mann','jimmie.bogan@example.net','bc7239f8db786c5e24cc246a6895ad003412b8e8','+10(6)264378'); 


DROP TABLE IF EXISTS `users_communities`;
CREATE TABLE `users_communities` (
  `user_id` bigint(20) unsigned NOT NULL,
  `community_id` bigint(20) unsigned NOT NULL,
  PRIMARY KEY (`user_id`,`community_id`),
  KEY `community_id` (`community_id`),
  CONSTRAINT `users_communities_ibfk_1` FOREIGN KEY (`user_id`) REFERENCES `users` (`id`),
  CONSTRAINT `users_communities_ibfk_2` FOREIGN KEY (`community_id`) REFERENCES `communities` (`id`)
) ENGINE=InnoDB DEFAULT CHARSET=utf8 COLLATE=utf8_unicode_ci;

INSERT INTO `users_communities` VALUES ('1','1'),
('2','2'),
('3','3'),
('4','4'),
('5','5'),
('6','6'),
('7','7'),
('8','8'),
('9','9'),
('10','10'),
('11','11'),
('12','12'),
('13','13'),
('14','14'),
('15','15'),
('16','16'),
('17','17'),
('18','18'),
('19','19'),
('20','20'),
('21','21'),
('22','22'),
('23','23'),
('24','24'),
('25','25'),
('26','26'),
('27','27'),
('28','28'),
('29','29'),
('30','30'),
('31','31'),
('32','32'),
('33','33'),
('34','34'),
('35','35'),
('36','36'),
('37','37'),
('38','38'),
('39','39'),
('40','40'),
('41','41'),
('42','42'),
('43','43'),
('44','44'),
('45','45'),
('46','46'),
('47','47'),
('48','48'),
('49','49'),
('50','50'),
('51','51'),
('52','52'),
('53','53'),
('54','54'),
('55','55'),
('56','56'),
('57','57'),
('58','58'),
('59','59'),
('60','60'),
('61','61'),
('62','62'),
('63','63'),
('64','64'),
('65','65'),
('66','66'),
('67','67'),
('68','68'),
('69','69'),
('70','70'),
('71','71'),
('72','72'),
('73','73'),
('74','74'),
('75','75'),
('76','76'),
('77','77'),
('78','78'),
('79','79'),
('80','80'),
('81','81'),
('82','82'),
('83','83'),
('84','84'),
('85','85'),
('86','86'),
('87','87'),
('88','88'),
('89','89'),
('90','90'),
('91','91'),
('92','92'),
('93','93'),
('94','94'),
('95','95'),
('96','96'),
('97','97'),
('98','98'),
('99','99'),
('100','100');